resultarate0.dat,resultarate1.dat,resultarate10.dat,resultarate11.dat,resultarate12.dat,resultarate13.dat,resultarate14.dat,resultarate15.dat,resultarate16.dat,resultarate17.dat,resultarate18.dat,resultarate19.dat,resultarate2.dat,resultarate20.dat,resultarate21.dat,resultarate22.dat,resultarate23.dat,resultarate24.dat,resultarate25.dat,resultarate26.dat,resultarate27.dat,resultarate28.dat,resultarate29.dat,resultarate3.dat,resultarate30.dat,resultarate31.dat,resultarate32.dat,resultarate33.dat,resultarate34.dat,resultarate35.dat,resultarate36.dat,resultarate37.dat,resultarate38.dat,resultarate39.dat,resultarate4.dat,resultarate40.dat,resultarate41.dat,resultarate42.dat,resultarate43.dat,resultarate44.dat,resultarate45.dat,resultarate46.dat,resultarate47.dat,resultarate48.dat,resultarate49.dat,resultarate5.dat,resultarate50.dat,resultarate51.dat,resultarate52.dat,resultarate53.dat,resultarate54.dat,resultarate55.dat,resultarate56.dat,resultarate57.dat,resultarate58.dat,resultarate59.dat,resultarate6.dat,resultarate60.dat,resultarate61.dat,resultarate62.dat,resultarate63.dat,resultarate64.dat,resultarate65.dat,resultarate66.dat,resultarate67.dat,resultarate68.dat,resultarate69.dat,resultarate7.dat,resultarate70.dat,resultarate71.dat,resultarate72.dat,resultarate73.dat,resultarate74.dat,resultarate75.dat,resultarate76.dat,resultarate77.dat,resultarate78.dat,resultarate79.dat,resultarate8.dat,resultarate80.dat,resultarate81.dat,resultarate82.dat,resultarate83.dat,resultarate84.dat,resultarate85.dat,resultarate86.dat,resultarate87.dat,resultarate88.dat,resultarate89.dat,resultarate9.dat,resultarate90.dat,resultarate91.dat,resultarate92.dat,resultarate93.dat,resultarate94.dat,resultarate95.dat,resultarate96.dat,resultarate97.dat,resultarate98.dat,resultarate99.dat,
0,0,0,0,0,0,0,0,0,0,0,0,0,0,0,0,0,0,0,0,0,0,0,0,0,0,0,0,0,0,0,0,0,0,0,0,0,0,0,0,0,0,0,0,0,0,0,0,0,0,0,0,0,0,0,0,0,0,0,0,0,0,0,0,0,0,0,0,0,0,0,0,0,0,0,0,0,0,0,0,0,0,0,0,0,0,0,0,0,0,0,0,0,0,0,0,0,0,0,0,
0,0,0,0,0,0,0,0,0,0,0,0,0,0,0,0,0,0,0,0,0,0,0,0,0,0,0,0,0,0,0,0,0,0,0,0,0,0,0,0,0,0,0,0,0,0,0,0,0,0,0,0,0,0,0,0,0,0,0,0,0,0,0,0,0,0,0,0,0,0,0,0,0,0,0,0,0,0,0,0,0,0,0,0,0,0,0,0,0,0,0,0,0,0,0,0,0,0,0,0,
0,0,0,0,0,0,0,0,0,0,0,0,0,0,0,0,0,0,0,0,0,0,0,0,0,0,0,0,0,0,0,0,0,0,0,0,0,0,0,0,0,0,0,0,0,0,0,0,0,0,0,0,0,0,0,0,0,0,0,0,0,0,0,0,0,0,0,0,0,0,0,0,0,0,0,0,0,0,0,0,0,0,0,0,0,0,0,0,0,0,0,0,0,0,0,0,0,0,0,0,
0,0,0,0,0,0,0,0,0,0,0,0,0,0,0,0,0,0,0,0,0,0,0,0,0,0,0,0,0,0,0,0,0,0,0,0,0,0,0,0,0,0,0,0,0,0,0,0,0,0,0,0,0,0,0,0,0,0,0,0,0,0,0,0,0,0,0,0,0,0,0,0,0,0,0,0,0,0,0,0,0,0,0,0,0,0,0,0,0,0,0,0,0,0,0,0,0,0,0,0,
0,0,0,0,0,0,0,0,1,0,0,0,0,0,0,0,0,0,0,0,0,0,0,0,0,0,0,0,0,0,0,0,0,0,0,0,0,0,0,0,0,0,0,0,0,0,0,0,0,0,0,0,0,0,0,0,0,0,0,0,0,0,0,0,0,0,0,0,0,0,0,0,0,0,0,1,0,0,0,0,0,0,0,0,0,0,0,0,0,0,0,0,0,0,0,0,0,0,0,0,
0,1,0,0,1,0,1,1,1,1,0,0,1,1,0,0,0,1,1,0,0,0,0,1,0,1,1,1,1,0,1,0,0,0,0,0,0,0,0,0,0,0,0,0,0,1,1,1,1,0,0,0,0,0,0,0,0,0,0,0,0,1,0,0,1,1,0,1,1,1,1,0,0,0,0,0,1,1,0,0,0,0,1,0,1,0,1,1,0,1,1,0,0,1,0,0,0,0,0,1,
0,1,1,1,1,0,1,1,1,1,1,1,1,0,1,1,1,0,1,1,1,0,1,1,1,1,1,1,1,1,1,0,1,0,0,1,1,1,1,1,1,0,1,0,1,1,0,1,1,0,1,1,0,1,1,0,1,1,0,1,1,1,0,1,1,1,1,1,1,1,1,1,1,1,1,1,1,1,1,0,1,1,1,1,0,1,1,1,1,1,1,1,1,1,0,1,1,0,1,1,
1,1,1,1,1,1,1,1,1,1,1,1,1,1,1,1,1,0,1,1,1,1,1,1,1,1,1,1,1,1,1,1,1,1,1,1,1,1,1,1,1,1,1,1,1,1,0,1,1,1,1,1,1,1,1,1,1,1,1,1,1,1,1,1,1,1,1,1,1,1,1,1,1,1,1,1,1,1,1,1,1,1,1,1,1,1,1,1,1,1,1,1,1,1,1,1,0,1,1,1,
1,1,1,1,1,1,1,1,1,1,1,1,1,1,1,1,1,1,1,1,1,1,1,1,1,1,1,1,1,1,1,1,1,1,1,1,1,1,1,1,1,1,1,1,1,1,1,1,1,1,1,1,1,1,1,1,1,1,1,1,1,1,1,1,1,1,1,1,1,1,1,1,1,1,1,1,1,1,1,1,1,1,1,1,1,1,1,1,1,1,1,1,1,1,1,1,1,1,1,1,
1,2,1,1,1,1,1,1,1,2,1,1,1,1,1,1,1,1,1,1,1,1,1,1,1,1,1,1,1,1,1,1,1,1,1,1,1,2,1,1,1,1,1,1,1,1,1,1,1,1,1,1,1,1,1,1,1,1,1,1,1,2,1,1,1,1,2,1,1,1,2,1,1,1,1,1,1,1,1,1,1,1,2,1,1,1,1,1,2,1,1,1,2,2,1,1,1,1,1,2,
2,1,2,2,2,1,2,2,2,2,2,1,2,1,1,1,2,2,2,1,1,1,1,2,2,1,1,1,2,1,1,2,2,1,2,2,1,2,2,1,2,2,2,1,2,2,2,2,2,1,2,2,1,2,1,1,1,1,2,2,2,2,1,1,2,1,1,2,2,2,2,2,2,1,1,1,2,2,2,1,1,1,2,1,1,2,1,1,1,2,1,2,2,2,2,2,1,2,2,1,
2,3,2,2,2,2,2,2,2,2,3,2,2,2,2,2,2,1,2,2,2,2,2,2,2,2,2,2,3,2,2,2,2,2,2,2,2,2,2,2,2,2,2,2,2,2,1,3,3,2,2,2,2,2,2,2,2,2,2,2,2,2,2,2,2,2,2,2,2,2,2,2,2,2,2,3,2,2,3,1,2,2,2,2,2,3,2,2,2,3,2,2,2,2,2,2,2,2,2,2,
2,3,3,3,2,2,2,2,3,3,2,2,3,2,3,3,2,3,2,2,3,2,2,2,3,2,2,2,2,2,2,2,3,2,2,3,3,3,3,3,3,2,3,2,3,2,3,2,3,3,3,3,3,3,3,2,3,2,2,2,3,2,2,2,2,2,2,2,3,3,2,2,3,3,2,3,2,3,3,2,3,3,2,2,2,2,3,2,2,3,2,3,3,3,2,3,2,2,3,3,
3,4,3,3,3,3,3,3,3,4,4,3,4,3,3,2,4,3,3,2,3,3,3,3,2,3,3,3,4,4,3,3,3,2,3,3,3,4,3,3,4,3,3,3,4,3,3,4,4,4,2,4,3,4,3,3,3,3,3,4,3,4,3,3,3,3,3,3,4,4,4,3,3,2,3,3,3,4,4,3,3,3,4,3,3,3,3,3,3,4,3,3,3,4,3,3,3,3,3,4,
4,4,4,4,5,3,4,4,5,5,4,3,5,3,4,4,5,4,4,3,4,3,5,4,4,4,4,4,5,4,4,4,4,4,4,4,4,5,4,4,4,4,4,3,4,4,4,5,4,5,4,5,3,5,4,4,4,4,4,5,4,5,3,4,5,4,5,4,5,4,5,4,4,4,4,5,4,5,5,4,4,4,5,4,3,5,4,4,5,4,4,5,5,5,4,4,4,4,5,6,
5,7,6,5,5,5,5,6,6,6,6,4,6,6,6,5,6,4,5,5,5,5,5,5,6,5,5,5,7,5,4,5,5,5,5,5,4,6,5,5,5,5,5,5,6,5,4,7,6,6,6,6,5,6,6,5,6,5,5,6,5,5,5,5,5,5,7,5,6,6,5,5,6,5,5,6,6,6,6,4,5,5,5,5,5,5,6,5,7,6,5,6,5,7,5,6,4,5,6,7,
7,8,7,6,7,6,6,6,8,8,7,5,7,7,6,6,7,5,6,6,6,6,6,7,7,7,6,6,8,6,6,7,6,5,6,6,7,8,6,7,7,7,6,6,7,6,5,8,8,7,7,7,6,7,6,6,7,7,6,7,6,7,6,7,7,6,7,6,8,7,7,6,7,6,6,7,6,8,8,7,6,6,7,7,6,7,6,7,7,8,6,7,8,7,6,7,5,6,7,8,
8,10,9,8,8,7,7,9,10,9,9,7,9,8,8,8,9,8,7,7,8,8,7,8,9,8,8,8,10,8,8,8,8,6,7,7,8,9,7,8,9,8,8,8,9,7,8,10,9,9,9,9,8,9,8,7,8,7,7,9,7,8,8,7,8,8,10,7,10,9,8,8,9,8,8,9,9,10,9,8,8,8,8,7,6,8,8,8,10,9,8,9,9,9,7,9,7,7,9,11,
11,12,11,12,11,10,10,11,11,12,11,8,11,10,9,8,10,9,10,9,10,9,10,10,10,9,10,10,13,11,10,11,12,9,10,8,9,11,8,9,10,11,12,9,13,10,9,13,12,10,10,11,9,11,9,10,11,10,10,10,8,10,9,10,11,10,11,10,12,11,10,10,11,8,9,11,11,12,12,9,11,10,10,10,10,11,9,9,11,12,10,11,12,11,10,11,10,10,11,12,
13,15,14,13,13,13,12,14,15,14,14,10,13,12,14,10,13,11,12,12,13,11,13,13,11,13,13,13,16,12,12,13,13,10,11,11,12,14,11,12,14,13,13,11,14,12,11,16,14,14,11,15,13,15,14,12,13,11,11,13,11,13,11,11,13,13,14,12,14,15,13,12,14,10,12,14,14,14,16,12,13,13,13,11,11,14,13,13,14,14,13,15,15,15,11,14,12,11,15,15,
15,17,17,18,14,14,14,17,19,19,16,12,17,16,15,15,18,13,14,14,15,15,15,15,16,15,16,16,20,16,14,15,18,14,15,15,14,18,15,16,17,15,18,15,18,14,13,20,18,16,16,17,14,17,15,14,16,15,15,18,15,17,15,15,14,16,17,14,18,17,17,14,17,15,14,17,17,18,19,15,15,15,17,15,13,16,15,15,17,18,16,19,18,18,15,17,14,15,19,18,
19,23,20,21,18,17,18,22,22,21,20,15,22,20,21,17,21,16,18,16,19,19,20,20,20,16,19,19,23,19,16,19,21,17,17,18,19,23,18,19,20,19,21,19,23,18,16,23,23,20,20,22,18,22,21,19,20,17,17,21,18,21,19,17,18,19,22,18,21,21,21,19,20,17,18,20,22,21,24,18,20,19,21,17,17,22,20,16,22,23,19,22,22,22,17,20,17,17,22,24,
24,28,26,26,23,21,23,26,30,28,26,21,28,23,24,21,25,20,23,20,23,22,23,24,25,22,21,21,30,25,22,24,26,20,21,22,23,29,22,23,27,24,26,22,27,23,20,30,27,27,25,26,22,26,24,22,25,23,21,25,22,27,22,23,23,21,26,23,29,26,27,24,26,21,20,26,26,29,29,23,24,23,27,23,21,26,23,22,26,27,21,26,27,28,21,26,22,21,26,28,
30,32,32,32,31,28,29,32,35,36,33,23,34,29,30,28,32,25,29,25,30,27,30,31,29,30,31,31,38,30,28,30,32,25,27,27,28,36,27,28,32,30,32,27,33,29,25,38,34,30,29,33,29,33,30,28,30,28,27,32,27,32,27,28,31,31,33,29,37,32,32,28,32,28,26,33,32,37,36,29,30,30,32,28,27,33,30,30,33,34,31,33,33,35,27,32,27,27,33,36,
35,42,41,40,35,34,34,40,44,44,39,31,40,38,37,32,38,31,34,33,36,31,37,36,37,36,37,37,45,39,31,35,40,31,36,34,33,42,34,35,39,35,40,31,43,34,31,45,43,39,37,40,33,40,37,35,39,34,36,38,34,38,31,34,35,37,41,34,41,40,38,36,41,32,34,39,40,41,45,35,37,36,38,34,32,41,36,36,41,43,37,42,42,40,36,41,34,36,42,45,
46,53,51,47,46,43,42,51,53,54,49,38,50,48,46,40,49,38,42,40,45,43,45,45,49,42,46,46,58,47,40,46,47,40,42,42,44,54,42,44,52,46,47,43,54,42,38,58,53,49,49,52,45,52,46,43,49,43,42,49,42,49,43,43,46,46,51,42,53,50,49,42,51,40,42,51,51,53,56,47,45,45,49,43,40,50,47,42,51,53,46,51,53,52,42,51,41,42,51,58,
59,66,62,63,57,51,54,63,67,65,63,47,61,61,59,53,61,49,54,48,55,52,55,57,58,53,57,57,71,59,50,59,63,47,52,50,53,65,50,53,60,59,63,52,67,54,49,71,65,58,58,62,55,62,59,55,60,54,52,61,50,61,52,54,57,57,63,54,66,62,61,53,62,53,52,62,63,66,69,54,55,55,61,54,51,59,54,53,63,65,57,65,63,65,52,62,50,52,65,70,
66,80,71,73,69,63,66,75,84,80,75,56,75,70,70,61,73,57,66,59,68,63,69,70,71,66,68,68,87,72,62,66,73,58,65,64,66,78,64,69,75,66,73,63,80,66,57,87,81,74,71,75,69,75,70,66,71,65,65,73,64,74,63,65,69,68,76,66,79,75,74,67,71,61,63,76,75,79,87,69,66,68,74,65,62,76,67,66,76,81,68,76,77,80,65,71,60,65,76,85,
85,99,92,93,84,81,82,91,101,99,93,68,94,87,85,78,91,71,82,74,82,80,84,88,86,83,86,86,107,86,75,85,93,70,80,79,80,100,79,81,95,85,93,80,96,82,71,107,98,94,86,95,78,95,85,81,87,80,80,91,79,91,80,80,84,86,93,82,98,93,91,85,92,78,78,92,91,98,101,81,86,82,91,80,73,96,92,83,93,98,86,97,98,98,80,92,75,80,97,105,
104,124,115,114,106,97,102,112,125,124,115,84,119,108,105,94,108,91,102,93,108,96,105,104,109,100,105,105,129,107,95,104,114,88,98,95,97,122,95,98,113,104,114,96,122,102,91,129,117,112,109,116,99,116,105,96,112,94,98,108,95,109,96,94,106,105,117,102,124,116,109,103,115,94,93,113,112,124,128,104,104,108,109,94,91,118,107,100,117,117,105,120,118,119,98,115,95,98,120,126,
129,146,139,138,127,116,125,138,155,150,141,108,141,127,129,118,140,109,125,114,127,117,130,131,132,125,123,123,162,133,116,129,138,108,121,117,124,150,117,128,143,129,138,117,151,125,109,162,150,137,132,143,126,143,129,121,132,121,121,140,117,138,117,121,127,123,145,125,152,143,138,125,139,118,116,143,138,152,152,125,129,127,138,121,113,140,130,125,145,150,123,150,151,150,121,139,117,121,150,160,
159,180,168,169,156,143,151,171,188,184,169,127,176,162,161,139,167,131,151,133,158,143,159,155,163,146,162,162,197,161,144,159,169,131,144,144,148,183,144,154,169,159,169,143,184,151,131,197,183,165,163,177,149,177,161,151,161,147,144,167,144,167,143,147,156,162,173,151,182,172,167,149,168,139,141,171,171,182,197,152,156,158,167,147,139,173,153,146,173,183,162,181,182,175,144,168,140,144,181,189,
194,223,203,205,192,172,182,207,232,221,214,156,213,199,196,172,200,163,182,164,192,175,193,192,190,180,190,190,237,196,169,194,205,165,178,175,183,221,175,189,210,194,205,175,223,182,163,237,224,204,190,213,182,213,196,178,197,176,178,200,175,203,175,176,192,190,209,182,224,212,203,190,203,172,177,207,207,224,234,188,188,192,203,176,171,212,194,180,209,224,190,214,222,222,178,203,176,178,214,235,
233,267,248,251,232,215,224,254,280,271,252,191,253,239,235,211,248,197,224,201,231,220,231,234,240,223,233,233,294,240,210,233,251,198,214,215,222,277,215,228,260,233,251,220,271,224,197,294,267,246,240,259,221,259,235,221,246,221,214,248,215,253,220,221,232,233,266,224,270,253,253,225,248,211,213,253,254,270,282,230,231,231,253,221,199,253,239,223,266,267,233,265,269,265,214,248,214,214,265,294,
282,334,305,311,279,256,277,306,343,331,310,233,317,295,293,261,303,242,277,244,282,264,285,284,294,269,284,284,359,284,253,282,311,242,260,261,272,327,261,277,306,282,311,264,327,277,242,359,328,303,294,313,267,313,293,271,293,263,260,303,261,305,264,263,279,284,316,277,334,313,305,276,305,261,260,309,306,334,350,282,284,282,305,263,247,312,287,269,316,328,284,324,323,325,260,305,254,260,324,352,
347,397,371,381,343,313,332,378,413,397,379,282,383,355,351,310,368,291,332,296,345,319,343,348,358,325,342,342,429,356,308,347,381,293,323,314,322,399,314,333,381,347,381,319,400,332,291,429,400,370,358,379,330,379,351,322,353,322,323,368,314,371,319,322,343,342,384,332,397,377,371,332,371,310,314,375,378,397,422,339,340,345,371,322,302,382,351,325,384,400,342,390,398,393,323,371,313,323,390,420,
406,479,434,442,407,378,390,440,494,476,441,339,453,415,416,369,438,342,390,351,411,377,409,411,421,392,406,406,516,412,368,406,442,350,381,372,385,474,372,395,445,406,442,377,477,390,342,516,473,440,421,457,388,457,416,386,425,381,381,438,372,437,377,381,407,406,463,390,480,451,437,401,434,369,375,445,440,480,503,393,405,411,437,381,361,446,410,392,463,473,406,467,468,470,381,434,371,381,467,503,
482,560,518,534,482,448,462,533,586,573,530,394,532,500,492,431,519,409,462,421,486,445,486,485,492,465,483,483,604,505,435,482,534,410,450,446,458,569,446,475,523,482,534,445,556,462,409,604,558,510,492,547,462,547,492,459,498,445,450,519,446,516,445,445,482,483,543,462,561,525,516,470,518,431,442,532,533,561,586,476,477,486,516,445,424,529,487,465,543,558,483,550,563,554,450,518,445,450,550,589,
567,659,609,611,567,524,548,618,684,676,613,462,631,590,579,513,600,481,548,489,561,528,576,570,585,541,567,567,716,584,516,567,611,483,537,522,547,666,522,562,624,567,611,528,659,548,481,716,649,608,585,625,542,625,579,534,593,527,537,600,522,612,528,527,567,567,632,548,658,627,612,551,609,513,518,612,618,658,690,563,570,561,612,527,503,621,576,541,632,649,567,649,655,659,537,609,508,537,649,698,
674,779,714,730,667,617,638,738,814,780,738,552,742,689,680,600,714,565,638,581,677,613,671,670,682,634,668,668,840,686,603,674,730,568,623,618,637,777,618,648,727,674,730,613,774,638,565,840,780,713,682,749,638,749,680,629,689,623,623,714,618,713,613,623,667,668,753,638,782,729,713,651,714,600,613,728,738,782,826,655,663,677,713,623,577,736,680,634,753,780,668,760,775,773,623,714,611,623,760,817,
795,911,845,872,790,721,769,857,952,920,861,640,879,813,794,718,846,670,769,685,785,722,799,797,810,752,780,780,981,804,716,795,872,672,730,718,746,914,718,773,867,795,872,722,920,769,670,981,907,843,810,874,749,874,794,739,809,735,730,846,718,850,722,735,790,780,881,769,923,864,850,767,845,718,725,858,857,923,968,778,779,785,850,735,687,874,801,752,881,907,780,902,910,909,730,845,715,730,902,966,
918,1077,980,990,921,836,872,1001,1102,1077,996,753,1020,950,932,844,976,781,872,788,908,855,925,927,964,873,920,920,1154,938,819,918,990,791,846,849,872,1066,849,893,1007,918,990,855,1067,872,781,1154,1070,982,964,1028,871,1028,932,863,948,850,846,976,849,991,855,850,921,920,1027,872,1078,1012,991,900,980,844,839,1000,1001,1078,1128,897,909,908,991,850,805,1013,920,873,1027,1070,920,1045,1060,1057,846,980,839,846,1045,1133,
1071,1233,1142,1148,1066,976,1024,1162,1280,1252,1166,864,1181,1099,1079,958,1135,895,1024,918,1062,985,1066,1073,1083,1020,1063,1063,1337,1095,956,1071,1148,910,993,981,1017,1254,981,1050,1163,1071,1148,985,1236,1024,895,1337,1230,1125,1083,1185,1027,1185,1079,1003,1111,1003,993,1135,981,1145,985,1003,1066,1063,1188,1024,1239,1177,1145,1043,1142,958,973,1169,1162,1239,1326,1058,1070,1062,1145,1003,928,1175,1082,1020,1188,1230,1063,1210,1229,1224,993,1142,967,993,1210,1316,
1234,1426,1296,1339,1233,1122,1167,1356,1477,1432,1354,1005,1363,1269,1243,1098,1318,1047,1167,1065,1223,1144,1229,1234,1252,1178,1224,1224,1533,1275,1107,1234,1339,1048,1150,1129,1167,1443,1129,1204,1347,1234,1339,1144,1429,1167,1047,1533,1428,1305,1252,1375,1190,1375,1243,1172,1269,1148,1150,1318,1129,1315,1144,1148,1233,1224,1385,1167,1432,1357,1315,1191,1296,1098,1120,1347,1356,1432,1508,1212,1214,1223,1315,1148,1087,1353,1254,1178,1385,1428,1224,1398,1413,1415,1150,1296,1115,1150,1398,1508,
1409,1648,1518,1533,1407,1316,1360,1566,1698,1661,1559,1158,1561,1459,1455,1292,1513,1202,1360,1224,1427,1306,1434,1425,1457,1343,1419,1419,1791,1457,1277,1409,1533,1201,1320,1290,1347,1664,1290,1380,1555,1409,1533,1306,1650,1360,1202,1791,1634,1513,1457,1569,1356,1569,1455,1339,1474,1315,1320,1513,1290,1537,1306,1315,1407,1419,1587,1360,1657,1546,1537,1385,1518,1292,1299,1555,1566,1657,1742,1390,1394,1427,1537,1315,1241,1557,1431,1343,1587,1634,1419,1604,1642,1638,1320,1518,1284,1320,1604,1748,
1633,1903,1741,1797,1624,1496,1566,1770,1966,1921,1791,1334,1812,1675,1648,1476,1738,1380,1566,1422,1638,1509,1637,1641,1681,1556,1634,1634,2049,1674,1471,1633,1797,1400,1526,1499,1548,1906,1499,1597,1785,1633,1797,1509,1903,1566,1380,2049,1887,1750,1681,1821,1567,1821,1648,1544,1692,1527,1526,1738,1499,1753,1509,1527,1624,1634,1828,1566,1910,1794,1753,1590,1741,1476,1492,1782,1770,1910,2005,1611,1625,1638,1753,1527,1428,1794,1651,1556,1828,1887,1634,1853,1885,1860,1526,1741,1481,1526,1853,2012,
1877,2173,2003,2033,1869,1717,1804,2031,2262,2170,2064,1527,2076,1904,1905,1692,1998,1580,1804,1610,1870,1724,1874,1882,1930,1795,1868,1868,2338,1922,1693,1877,2033,1597,1754,1707,1764,2188,1707,1833,2031,1877,2033,1724,2172,1804,1580,2338,2144,2000,1930,2071,1782,2071,1905,1766,1941,1739,1754,1998,1707,1993,1724,1739,1869,1868,2087,1804,2195,2051,1993,1833,2003,1692,1733,2047,2031,2195,2307,1843,1872,1870,1993,1739,1641,2064,1884,1795,2087,2144,1868,2119,2174,2150,1754,2003,1690,1754,2119,2314,
2115,2466,2273,2319,2119,1949,2034,2316,2569,2472,2334,1749,2351,2202,2142,1924,2278,1808,2034,1831,2117,1973,2133,2131,2186,2009,2133,2133,2662,2179,1913,2115,2319,1800,1988,1936,2007,2469,1936,2078,2320,2115,2319,1973,2460,2034,1808,2662,2466,2257,2186,2366,2031,2366,2142,2012,2180,1991,1988,2278,1936,2279,1973,1991,2119,2133,2379,2034,2472,2321,2279,2061,2273,1924,1946,2323,2316,2472,2607,2076,2113,2117,2279,1991,1869,2339,2146,2009,2379,2466,2133,2425,2458,2437,1988,2273,1934,1988,2425,2613,
2390,2777,2577,2610,2408,2188,2319,2622,2883,2797,2627,1940,2655,2479,2423,2167,2545,2021,2319,2073,2391,2215,2401,2400,2451,2295,2392,2392,2988,2468,2168,2390,2610,2046,2231,2198,2286,2794,2198,2348,2615,2390,2610,2215,2794,2319,2021,2988,2767,2554,2451,2679,2285,2679,2423,2268,2483,2245,2231,2545,2198,2576,2215,2245,2408,2392,2681,2319,2782,2622,2576,2340,2577,2167,2197,2620,2622,2782,2952,2356,2381,2391,2576,2245,2094,2633,2420,2295,2681,2767,2392,2716,2762,2764,2231,2577,2172,2231,2716,2945,
2725,3158,2898,2959,2702,2490,2604,2977,3267,3165,2963,2213,3005,2789,2740,2457,2880,2293,2604,2329,2689,2493,2716,2717,2788,2608,2703,2703,3377,2780,2434,2725,2959,2312,2526,2498,2574,3170,2498,2640,2985,2725,2959,2493,3129,2604,2293,3377,3126,2908,2788,3020,2598,3020,2740,2563,2820,2507,2526,2880,2498,2883,2493,2507,2702,2703,3028,2604,3158,2992,2883,2645,2898,2457,2481,2975,2977,3158,3326,2684,2693,2689,2883,2507,2368,2991,2741,2608,3028,3126,2703,3083,3145,3117,2526,2898,2451,2526,3083,3347,
3041,3515,3230,3319,3040,2791,2919,3313,3670,3553,3327,2498,3367,3147,3085,2762,3256,2568,2919,2624,3025,2808,3067,3057,3125,2910,3040,3040,3804,3108,2740,3041,3319,2577,2840,2792,2895,3560,2792,2971,3325,3041,3319,2808,3539,2919,2568,3804,3529,3241,3125,3402,2905,3402,3085,2837,3137,2834,2840,3256,2792,3272,2808,2834,3040,3040,3402,2919,3544,3352,3272,2945,3230,2762,2795,3312,3313,3544,3746,2992,3009,3025,3272,2834,2684,3348,3085,2910,3402,3529,3040,3475,3520,3493,2840,3230,2765,2840,3475,3729,
3400,3926,3618,3680,3361,3095,3246,3696,4075,3967,3704,2762,3743,3492,3451,3058,3623,2864,3246,2930,3372,3131,3407,3393,3489,3222,3388,3388,4254,3472,3031,3400,3680,2904,3135,3098,3221,3944,3098,3310,3715,3400,3680,3131,3927,3246,2864,4254,3911,3619,3489,3778,3246,3778,3451,3195,3503,3173,3135,3623,3098,3647,3131,3173,3361,3388,3774,3246,3945,3730,3647,3313,3618,3058,3110,3702,3696,3945,4144,3322,3363,3372,3647,3173,2966,3722,3426,3222,3774,3911,3388,3848,3893,3894,3135,3618,3081,3135,3848,4142,
3737,4332,3970,4061,3721,3415,3566,4039,4475,4344,4064,3029,4123,3833,3776,3355,3961,3150,3566,3196,3731,3405,3737,3731,3804,3559,3698,3698,4646,3810,3347,3737,4061,3188,3461,3429,3515,4368,3429,3657,4086,3737,4061,3405,4325,3566,3150,4646,4291,3972,3804,4134,3548,4134,3776,3532,3834,3465,3461,3961,3429,3973,3405,3465,3721,3698,4154,3566,4347,4065,3973,3609,3970,3355,3390,4060,4039,4347,4566,3685,3706,3731,3973,3465,3264,4099,3754,3559,4154,4291,3698,4230,4286,4282,3461,3970,3368,3461,4230,4558,
4029,4694,4337,4423,4044,3720,3895,4434,4905,4746,4456,3304,4471,4203,4104,3657,4332,3443,3895,3488,4052,3744,4073,4101,4177,3865,4034,4034,5073,4172,3642,4029,4423,3451,3784,3702,3853,4736,3702,3951,4443,4029,4423,3744,4692,3895,3443,5073,4683,4335,4177,4519,3861,4519,4104,3825,4184,3765,3784,4332,3702,4322,3744,3765,4044,4034,4520,3895,4743,4455,4322,3942,4337,3657,3709,4414,4434,4743,4969,3977,4034,4052,4322,3765,3550,4468,4106,3865,4520,4683,4034,4624,4671,4665,3784,4337,3672,3784,4624,4981,
4396,5149,4749,4831,4406,4043,4216,4832,5339,5142,4835,3611,4904,4555,4466,4016,4709,3753,4216,3813,4405,4082,4439,4456,4532,4219,4415,4415,5522,4557,3977,4396,4831,3790,4123,4050,4189,5152,4050,4318,4801,4396,4831,4082,5134,4216,3753,5522,5132,4714,4532,4929,4232,4929,4466,4178,4569,4130,4123,4709,4050,4746,4082,4130,4406,4415,4968,4216,5160,4848,4746,4307,4749,4016,4053,4843,4832,5160,5442,4332,4382,4405,4746,4130,3877,4877,4472,4219,4968,5132,4415,5015,5099,5106,4123,4749,4014,4123,5015,5424,
4753,5535,5083,5194,4765,4367,4557,5205,5732,5555,5220,3889,5272,4934,4829,4297,5076,4045,4557,4124,4734,4388,4771,4785,4874,4554,4742,4742,5950,4896,4297,4753,5194,4071,4440,4373,4528,5552,4373,4642,5201,4753,5194,4388,5522,4557,4045,5950,5496,5087,4874,5311,4567,5311,4829,4492,4929,4446,4440,5076,4373,5094,4388,4446,4765,4742,5324,4557,5567,5222,5094,4622,5083,4297,4350,5200,5205,5567,5865,4679,4724,4734,5094,4446,4187,5250,4818,4554,5324,5496,4742,5415,5471,5483,4440,5083,4330,4440,5415,5857,
5030,5822,5354,5460,5018,4588,4798,5478,6042,5872,5520,4090,5530,5196,5078,4521,5346,4258,4798,4309,4974,4627,5024,5013,5145,4779,4999,4999,6286,5143,4544,5030,5460,4289,4675,4593,4757,5849,4593,4899,5466,5030,5460,4627,5838,4798,4258,6286,5777,5367,5145,5581,4785,5581,5078,4728,5203,4659,4675,5346,4593,5381,4627,4659,5018,4999,5624,4798,5844,5499,5381,4866,5354,4521,4582,5471,5478,5844,6141,4920,4986,4974,5381,4659,4404,5525,5082,4779,5624,5777,4999,5683,5763,5742,4675,5354,4546,4675,5683,6162,
5126,5982,5489,5604,5132,4733,4921,5615,6199,5998,5646,4191,5692,5312,5204,4641,5465,4343,4921,4424,5124,4734,5147,5169,5281,4893,5111,5111,6440,5265,4616,5126,5604,4372,4783,4704,4846,6006,4704,5012,5615,5126,5604,4734,5936,4921,4343,6440,5922,5483,5281,5715,4892,5715,5204,4829,5293,4783,4783,5465,4704,5512,4734,4783,5132,5111,5722,4921,5984,5625,5512,4989,5489,4641,4699,5595,5615,5984,6294,5026,5112,5124,5512,4783,4483,5657,5215,4893,5722,5922,5111,5854,5906,5920,4783,5489,4673,4783,5854,6326,
5138,5937,5499,5620,5151,4720,4933,5605,6218,6021,5651,4209,5680,5323,5242,4649,5487,4351,4933,4441,5145,4741,5155,5179,5295,4926,5142,5142,6467,5286,4620,5138,5620,4388,4812,4717,4881,6013,4717,5019,5621,5138,5620,4741,5966,4933,4351,6467,5947,5511,5295,5731,4904,5731,5242,4842,5307,4801,4812,5487,4717,5504,4741,4801,5151,5142,5707,4933,6004,5664,5504,5001,5499,4649,4728,5608,5605,6004,6330,5056,5110,5145,5504,4801,4508,5667,5210,4926,5707,5947,5142,5839,5910,5932,4812,5499,4656,4812,5839,6304,
5119,5938,5482,5609,5104,4683,4908,5584,6184,5987,5634,4167,5690,5297,5184,4628,5468,4343,4908,4409,5102,4732,5143,5129,5286,4849,5125,5125,6390,5263,4609,5119,5609,4371,4800,4718,4881,6025,4718,5009,5613,5119,5609,4732,5948,4908,4343,6390,5903,5468,5286,5696,4881,5696,5184,4808,5292,4774,4800,5468,4718,5503,4732,4774,5104,5125,5705,4908,5985,5617,5503,4987,5482,4628,4693,5616,5584,5985,6308,5058,5099,5102,5503,4774,4500,5647,5185,4849,5705,5903,5125,5835,5912,5913,4800,5482,4643,4800,5835,6304,
5117,5938,5443,5565,5090,4678,4905,5597,6147,5951,5593,4171,5644,5275,5188,4620,5456,4333,4905,4385,5069,4708,5123,5154,5246,4853,5080,5080,6410,5247,4594,5117,5565,4366,4777,4703,4830,5959,4703,4999,5592,5117,5565,4708,5905,4905,4333,6410,5888,5442,5246,5703,4844,5703,5188,4816,5272,4753,4777,5456,4703,5456,4708,4753,5090,5080,5694,4905,5970,5601,5456,4956,5443,4620,4663,5577,5597,5970,6252,5032,5063,5069,5456,4753,4477,5621,5171,4853,5694,5888,5080,5804,5893,5880,4777,5443,4623,4777,5804,6252,
5072,5923,5421,5551,5080,4641,4857,5583,6150,5942,5556,4148,5611,5257,5164,4608,5407,4309,4857,4389,5058,4679,5088,5139,5227,4842,5069,5069,6367,5227,4599,5072,5551,4329,4757,4673,4835,5936,4673,4969,5587,5072,5551,4679,5908,4857,4309,6367,5865,5416,5227,5675,4832,5675,5164,4779,5246,4760,4757,5407,4673,5430,4679,4760,5080,5069,5686,4857,5936,5570,5430,4936,5421,4608,4656,5556,5583,5936,6253,5001,5041,5058,5430,4760,4467,5613,5139,4842,5686,5865,5069,5774,5852,5842,4757,5421,4635,4757,5774,6251,
5035,5856,5380,5497,5044,4616,4854,5503,6070,5920,5553,4117,5573,5198,5081,4565,5400,4289,4854,4327,5030,4654,5049,5077,5177,4792,5022,5022,6327,5205,4529,5035,5497,4289,4712,4605,4798,5903,4605,4922,5515,5035,5497,4654,5857,4854,4289,6327,5806,5378,5177,5616,4814,5616,5081,4743,5206,4690,4712,5400,4605,5398,4654,4690,5044,5022,5624,4854,5881,5545,5398,4928,5380,4565,4601,5487,5503,5881,6198,4972,5041,5030,5398,4690,4405,5537,5109,4792,5624,5806,5022,5723,5798,5786,4712,5380,4579,4712,5723,6161,
4963,5746,5294,5417,4975,4554,4776,5460,6021,5814,5450,4068,5510,5155,5058,4538,5328,4225,4776,4308,4956,4606,5002,5019,5131,4736,4943,4943,6240,5111,4484,4963,5417,4253,4650,4584,4727,5826,4584,4885,5455,4963,5417,4606,5789,4776,4225,6240,5723,5308,5131,5538,4751,5538,5058,4679,5147,4645,4650,5328,4584,5346,4606,4645,4975,4943,5562,4776,5835,5450,5346,4844,5294,4538,4555,5461,5460,5835,6139,4911,4965,4956,5346,4645,4374,5502,5068,4736,5562,5723,4943,5669,5746,5715,4650,5294,4522,4650,5669,6140,
4918,5718,5262,5395,4905,4502,4709,5357,5936,5791,5377,4023,5435,5060,4998,4461,5248,4168,4709,4238,4912,4535,4918,4944,5049,4670,4917,4917,6139,5058,4415,4918,5395,4210,4604,4517,4676,5787,4517,4807,5398,4918,5395,4535,5729,4709,4168,6139,5647,5259,5049,5475,4687,5475,4998,4629,5079,4581,4604,5248,4517,5261,4535,4581,4905,4917,5485,4709,5746,5384,5261,4779,5262,4461,4508,5345,5357,5746,6032,4831,4915,4912,5261,4581,4307,5441,4968,4670,5485,5647,4917,5584,5657,5646,4604,5262,4475,4604,5584,6026,
4872,5626,5209,5313,4878,4458,4642,5319,5859,5706,5304,3969,5391,5010,4934,4395,5199,4121,4642,4192,4834,4507,4876,4869,5004,4659,4863,4863,6091,4993,4375,4872,5313,4134,4560,4443,4622,5718,4443,4773,5328,4872,5313,4507,5633,4642,4121,6091,5609,5212,5004,5430,4630,5430,4934,4572,5012,4538,4560,5199,4443,5208,4507,4538,4878,4863,5445,4642,5677,5351,5208,4723,5209,4395,4458,5303,5319,5677,5979,4781,4809,4834,5208,4538,4264,5361,4948,4659,5445,5609,4863,5515,5597,5611,4560,5209,4433,4560,5515,5987,
4790,5569,5144,5232,4808,4397,4601,5240,5809,5609,5263,3916,5291,4961,4871,4352,5087,4059,4601,4151,4776,4410,4815,4805,4958,4549,4772,4772,6012,4925,4325,4790,5232,4079,4478,4416,4534,5618,4416,4682,5269,4790,5232,4410,5594,4601,4059,6012,5541,5106,4958,5333,4573,5333,4871,4519,4948,4470,4478,5087,4416,5147,4410,4470,4808,4772,5349,4601,5598,5263,5147,4659,5144,4352,4371,5238,5240,5598,5892,4712,4751,4776,5147,4470,4218,5289,4883,4549,5349,5541,4772,5442,5531,5510,4478,5144,4355,4478,5442,5858,
4698,5480,5020,5153,4690,4323,4511,5149,5677,5487,5177,3848,5223,4853,4770,4263,4998,4006,4511,4069,4700,4340,4740,4705,4846,4479,4715,4715,5901,4831,4254,4698,5153,4035,4392,4316,4461,5506,4316,4615,5139,4698,5153,4340,5437,4511,4006,5901,5421,5011,4846,5239,4482,5239,4770,4444,4860,4384,4392,4998,4316,5054,4340,4384,4690,4715,5236,4511,5504,5176,5054,4578,5020,4263,4312,5136,5149,5504,5804,4625,4698,4700,5054,4384,4136,5184,4775,4479,5236,5421,4715,5365,5437,5409,4392,5020,4277,4392,5365,5781,
4605,5357,4931,5008,4599,4224,4420,5039,5551,5359,5076,3761,5110,4770,4674,4162,4923,3922,4420,3974,4579,4238,4612,4638,4719,4399,4609,4609,5746,4751,4147,4605,5008,3938,4277,4225,4359,5370,4225,4473,5045,4605,5008,4238,5331,4420,3922,5746,5322,4929,4719,5123,4393,5123,4674,4318,4750,4287,4277,4923,4225,4938,4238,4287,4599,4609,5159,4420,5372,5044,4938,4471,4931,4162,4196,5032,5039,5372,5657,4521,4583,4579,4938,4287,4042,5050,4665,4399,5159,5322,4609,5230,5283,5278,4277,4931,4174,4277,5230,5641,
4490,5204,4789,4888,4464,4109,4271,4887,5366,5245,4897,3662,4966,4624,4554,4037,4790,3785,4271,3848,4462,4138,4479,4503,4612,4271,4462,4462,5595,4573,4025,4490,4888,3824,4174,4112,4263,5219,4112,4386,4878,4490,4888,4138,5176,4271,3785,5595,5153,4764,4612,5033,4268,5033,4554,4202,4634,4180,4174,4790,4112,4806,4138,4180,4464,4462,4972,4271,5217,4897,4806,4344,4789,4037,4075,4871,4887,5217,5511,4417,4424,4462,4806,4180,3915,4921,4523,4271,4972,5153,4462,5068,5157,5142,4174,4789,4063,4174,5068,5502,
4335,5057,4647,4733,4336,3966,4171,4755,5254,5077,4756,3540,4797,4498,4383,3909,4635,3674,4171,3719,4312,4000,4351,4377,4479,4121,4315,4315,5431,4461,3911,4335,4733,3687,4051,3977,4115,5075,3977,4248,4754,4335,4733,4000,5022,4171,3674,5431,5012,4642,4479,4850,4146,4850,4383,4090,4493,4046,4051,4635,3977,4643,4000,4046,4336,4315,4853,4171,5069,4774,4643,4226,4647,3909,3977,4748,4755,5069,5306,4278,4330,4312,4643,4046,3798,4787,4400,4121,4853,5012,4315,4933,5003,4987,4051,4647,3932,4051,4933,5318,
4165,4834,4453,4557,4178,3814,4010,4564,5049,4894,4587,3407,4614,4323,4259,3780,4461,3544,4010,3602,4167,3889,4197,4216,4287,3984,4172,4172,5224,4308,3751,4165,4557,3568,3901,3842,3960,4882,3842,4056,4564,4165,4557,3889,4869,4010,3544,5224,4815,4457,4287,4646,4005,4646,4259,3898,4317,3914,3901,4461,3842,4461,3889,3914,4178,4172,4664,4010,4898,4581,4461,4058,4453,3780,3821,4570,4564,4898,5120,4115,4160,4167,4461,3914,3646,4622,4248,3984,4664,4815,4172,4746,4808,4812,3901,4453,3790,3901,4746,5129,
3958,4599,4241,4304,3950,3605,3794,4338,4791,4634,4369,3259,4372,4086,4010,3590,4216,3346,3794,3423,3950,3662,3972,3999,4069,3796,3960,3960,4962,4075,3564,3958,4304,3369,3712,3655,3780,4630,3655,3891,4354,3958,4304,3662,4590,3794,3346,4962,4571,4233,4069,4433,3776,4433,4010,3697,4085,3695,3712,4216,3655,4244,3662,3695,3950,3960,4429,3794,4625,4364,4244,3832,4241,3590,3631,4348,4338,4625,4896,3904,3953,3950,4244,3695,3487,4350,4010,3796,4429,4571,3960,4524,4582,4579,3712,4241,3600,3712,4524,4868,
3735,4314,3960,4063,3732,3412,3557,4052,4488,4348,4082,3023,4088,3819,3778,3360,3965,3152,3557,3219,3696,3413,3741,3724,3806,3556,3701,3701,4680,3815,3356,3735,4063,3170,3460,3412,3509,4358,3412,3639,4080,3735,4063,3413,4320,3557,3152,4680,4277,3974,3806,4142,3523,4142,3778,3412,3855,3456,3460,3965,3412,4012,3413,3456,3732,3701,4165,3557,4347,4074,4012,3611,3960,3360,3416,4074,4052,4347,4599,3652,3703,3696,4012,3456,3254,4095,3764,3556,4165,4277,3701,4243,4271,4286,3460,3960,3383,3460,4243,4567,
3452,4015,3706,3784,3459,3163,3311,3774,4162,4022,3778,2828,3835,3573,3508,3120,3681,2939,3311,2972,3435,3189,3472,3479,3571,3291,3446,3446,4332,3566,3106,3452,3784,2966,3227,3180,3299,4067,3180,3391,3800,3452,3784,3189,4008,3311,2939,4332,3989,3711,3571,3860,3312,3860,3508,3110,3588,3236,3227,3681,3180,3699,3189,3236,3459,3446,3849,3311,4021,3807,3699,3370,3706,3120,3167,3776,3774,4021,4238,3414,3437,3435,3699,3236,3014,3820,3505,3291,3849,3989,3446,3941,3940,3975,3227,3706,3145,3227,3941,4241,
3185,3707,3430,3477,3201,2930,3089,3489,3840,3738,3494,2601,3534,3304,3228,2897,3409,2702,3089,2754,3195,2956,3203,3211,3280,3038,3190,3190,4013,3285,2889,3185,3477,2749,2997,2915,3037,3750,2915,3133,3508,3185,3477,2956,3706,3089,2702,4013,3684,3413,3280,3555,3047,3555,3228,2806,3300,2991,2997,3409,2915,3428,2956,2991,3201,3190,3558,3089,3727,3522,3428,3122,3430,2897,2925,3489,3489,3727,3922,3149,3190,3195,3428,2991,2809,3517,3251,3038,3558,3684,3190,3635,3636,3675,2997,3430,2909,2997,3635,3921,
2925,3382,3115,3197,2895,2681,2807,3196,3498,3405,3195,2394,3232,3016,2976,2631,3124,2479,2807,2518,2906,2684,2932,2949,3012,2765,2919,2919,3648,2995,2624,2925,3197,2479,2725,2687,2782,3432,2687,2859,3191,2925,3197,2684,3393,2807,2479,3648,3368,3125,3012,3259,2801,3259,2976,2507,3019,2731,2725,3124,2687,3138,2684,2731,2895,2919,3282,2807,3405,3228,3138,2848,3115,2631,2684,3192,3196,3405,3595,2850,2903,2906,3138,2731,2562,3234,2978,2765,3282,3368,2919,3298,3265,3371,2725,3115,2652,2725,3298,3575,
2630,3052,2806,2848,2629,2410,2522,2846,3081,3048,2844,2123,2918,2709,2626,2365,2792,2236,2522,2251,2586,2435,2616,2626,2690,2506,2575,2575,3275,2688,2370,2630,2848,2233,2441,2401,2473,3069,2401,2553,2868,2630,2848,2435,3043,2522,2236,3275,3042,2790,2690,2920,2494,2920,2626,2212,2703,2447,2441,2792,2401,2819,2435,2447,2629,2575,2925,2522,3035,2896,2819,2544,2806,2365,2389,2845,2846,3035,3213,2566,2606,2586,2819,2447,2288,2895,2655,2506,2925,3042,2575,2987,2901,3011,2441,2806,2379,2441,2987,3216,
2292,2674,2454,2514,2287,2111,2203,2520,2672,2692,2469,1884,2552,2359,2287,2096,2460,1944,2203,1993,2302,2115,2293,2321,2370,2192,2305,2305,2874,2351,2057,2292,2514,1972,2142,2100,2175,2682,2100,2262,2524,2292,2514,2115,2683,2203,1944,2874,2664,2456,2370,2547,2191,2547,2287,1930,2369,2133,2142,2460,2100,2480,2115,2133,2287,2305,2557,2203,2672,2518,2480,2233,2454,2096,2101,2517,2520,2672,2812,2254,2299,2302,2480,2133,2025,2550,2328,2192,2557,2664,2305,2609,2501,2639,2142,2454,2089,2142,2609,2829,
1984,2296,2121,2173,1973,1819,1916,2170,2272,2317,2106,1634,2204,2021,1941,1810,2118,1651,1916,1708,1982,1831,1995,1998,2041,1892,1975,1975,2479,2035,1793,1984,2173,1682,1852,1814,1891,2323,1814,1936,2180,1984,2173,1831,2305,1916,1651,2479,2285,2124,2041,2206,1895,2206,1941,1644,2069,1851,1852,2118,1814,2136,1831,1851,1973,1975,2212,1916,2313,2184,2136,1922,2121,1810,1816,2175,2170,2313,2443,1957,1977,1982,2136,1851,1734,2190,2010,1892,2212,2285,1975,2268,2127,2288,1852,2121,1796,1852,2268,2451,
1753,2026,1866,1907,1731,1600,1672,1914,1946,2033,1801,1430,1935,1804,1680,1598,1852,1490,1672,1497,1730,1616,1749,1751,1791,1667,1748,1748,2182,1786,1574,1753,1907,1481,1632,1592,1647,2034,1592,1707,1906,1753,1907,1616,2025,1672,1490,2182,2013,1863,1791,1945,1662,1945,1680,1434,1796,1623,1632,1852,1592,1865,1616,1623,1731,1748,1955,1672,2026,1926,1865,1696,1866,1598,1590,1892,1914,2026,2133,1714,1723,1730,1865,1623,1522,1917,1767,1667,1955,2013,1748,1987,1865,2001,1632,1866,1581,1632,1987,2138,
1588,1832,1685,1721,1575,1447,1515,1731,1756,1845,1612,1282,1744,1639,1497,1443,1676,1333,1515,1366,1582,1471,1594,1591,1620,1512,1576,1576,1975,1620,1420,1588,1721,1331,1469,1455,1492,1855,1455,1530,1718,1588,1721,1471,1840,1515,1333,1975,1824,1692,1620,1759,1511,1759,1497,1298,1634,1480,1469,1676,1455,1686,1471,1480,1575,1576,1756,1515,1857,1730,1686,1529,1685,1443,1449,1719,1731,1857,1951,1546,1574,1582,1686,1480,1387,1734,1607,1512,1756,1824,1576,1786,1664,1812,1469,1685,1431,1469,1786,1941,
1508,1735,1595,1632,1506,1370,1442,1641,1639,1752,1504,1223,1645,1552,1378,1352,1604,1269,1442,1299,1494,1389,1509,1506,1550,1439,1505,1505,1882,1546,1352,1508,1632,1227,1397,1372,1427,1764,1372,1430,1629,1508,1632,1389,1741,1442,1269,1882,1726,1610,1550,1667,1438,1667,1378,1232,1540,1396,1397,1604,1372,1605,1389,1396,1506,1505,1690,1442,1747,1650,1605,1461,1595,1352,1371,1636,1641,1747,1826,1479,1479,1494,1605,1396,1316,1662,1514,1439,1690,1726,1505,1711,1566,1725,1397,1595,1367,1397,1711,1826,
1475,1710,1586,1613,1480,1364,1416,1607,1619,1727,1465,1204,1642,1524,1353,1332,1574,1260,1416,1278,1476,1364,1497,1490,1510,1401,1474,1474,1853,1530,1335,1475,1613,1192,1384,1350,1396,1733,1350,1386,1630,1475,1613,1364,1706,1416,1260,1853,1707,1571,1510,1649,1409,1649,1353,1214,1532,1383,1384,1574,1350,1577,1364,1383,1480,1474,1647,1416,1726,1632,1577,1437,1586,1332,1350,1615,1607,1726,1804,1453,1463,1476,1577,1383,1291,1626,1488,1401,1647,1707,1474,1676,1526,1684,1384,1586,1354,1384,1676,1799,
1469,1707,1569,1603,1471,1350,1414,1610,1617,1726,1460,1195,1630,1532,1326,1326,1567,1248,1414,1269,1473,1355,1480,1481,1521,1400,1466,1466,1855,1527,1324,1469,1603,1158,1361,1355,1391,1723,1355,1350,1619,1469,1603,1355,1704,1414,1248,1855,1697,1571,1521,1651,1404,1651,1326,1209,1527,1371,1361,1567,1355,1576,1355,1371,1471,1466,1644,1414,1715,1612,1576,1428,1569,1326,1339,1599,1610,1715,1805,1459,1455,1473,1576,1371,1285,1618,1484,1400,1644,1697,1466,1650,1521,1697,1361,1569,1332,1361,1650,1788,
1468,1697,1571,1608,1476,1352,1411,1592,1597,1719,1448,1193,1612,1507,1332,1327,1563,1242,1411,1272,1466,1359,1467,1473,1515,1390,1466,1466,1827,1497,1319,1468,1608,1130,1363,1340,1390,1731,1340,1325,1609,1468,1608,1359,1698,1411,1242,1827,1690,1567,1515,1634,1395,1634,1332,1195,1513,1361,1363,1563,1340,1576,1359,1361,1476,1466,1638,1411,1715,1612,1576,1423,1571,1327,1354,1603,1592,1715,1800,1442,1457,1466,1576,1361,1284,1623,1494,1390,1638,1690,1466,1635,1520,1690,1363,1571,1338,1363,1635,1737,
1463,1683,1554,1582,1453,1339,1384,1587,1581,1694,1427,1188,1600,1504,1295,1297,1548,1230,1384,1245,1437,1336,1446,1456,1479,1373,1432,1432,1813,1494,1304,1463,1582,1092,1357,1340,1388,1702,1340,1294,1585,1463,1582,1336,1691,1384,1230,1813,1694,1540,1479,1620,1372,1620,1295,1189,1497,1357,1357,1548,1340,1542,1336,1357,1453,1432,1613,1384,1691,1592,1542,1413,1554,1297,1329,1586,1587,1691,1786,1427,1449,1437,1542,1357,1275,1603,1470,1373,1613,1694,1432,1602,1502,1677,1357,1554,1307,1357,1602,1718,
1406,1625,1516,1527,1409,1276,1350,1527,1521,1638,1378,1157,1557,1448,1265,1268,1489,1183,1350,1212,1409,1295,1384,1405,1440,1321,1404,1404,1756,1452,1255,1406,1527,1056,1302,1301,1331,1638,1301,1236,1532,1406,1527,1295,1626,1350,1183,1756,1628,1492,1440,1570,1338,1570,1265,1145,1445,1295,1302,1489,1301,1511,1295,1295,1409,1404,1571,1350,1643,1547,1511,1363,1516,1268,1281,1522,1527,1643,1734,1368,1388,1409,1511,1295,1231,1550,1423,1321,1571,1628,1404,1518,1449,1613,1302,1516,1281,1302,1518,1627,
1341,1562,1450,1455,1338,1228,1291,1457,1464,1562,1322,1097,1476,1382,1214,1221,1439,1138,1291,1159,1340,1242,1303,1349,1378,1243,1341,1341,1682,1397,1209,1341,1455,1003,1253,1236,1275,1577,1236,1184,1475,1341,1455,1242,1557,1291,1138,1682,1558,1434,1378,1505,1276,1505,1214,1095,1386,1249,1253,1439,1236,1436,1242,1249,1338,1341,1497,1291,1555,1461,1436,1301,1450,1221,1216,1464,1457,1555,1668,1316,1340,1340,1436,1249,1187,1496,1359,1243,1497,1558,1341,1421,1389,1552,1253,1450,1226,1253,1421,1535,
1260,1458,1351,1383,1259,1154,1204,1380,1381,1463,1238,1025,1406,1309,1135,1145,1342,1064,1204,1092,1254,1168,1214,1266,1301,1147,1261,1261,1577,1294,1134,1260,1383,948,1171,1155,1190,1478,1155,1084,1383,1260,1383,1168,1462,1204,1064,1577,1455,1360,1301,1405,1223,1405,1135,1039,1297,1177,1171,1342,1155,1358,1168,1177,1259,1261,1408,1204,1475,1390,1358,1220,1351,1145,1161,1380,1380,1475,1553,1249,1258,1254,1358,1177,1095,1395,1277,1147,1408,1455,1261,1337,1305,1456,1171,1351,1141,1171,1337,1434,
1187,1380,1267,1287,1187,1089,1144,1299,1305,1358,1165,971,1318,1235,1067,1070,1269,1007,1144,1021,1181,1096,1127,1204,1218,1058,1183,1183,1479,1208,1067,1187,1287,891,1107,1096,1124,1381,1096,1027,1293,1187,1287,1096,1383,1144,1007,1479,1376,1269,1218,1319,1127,1319,1067,969,1236,1110,1107,1269,1096,1276,1096,1110,1187,1183,1331,1144,1396,1305,1276,1151,1267,1070,1077,1293,1299,1396,1457,1165,1179,1181,1276,1110,1037,1305,1188,1058,1331,1376,1183,1243,1226,1360,1107,1267,1083,1107,1243,1340,
1122,1294,1184,1224,1123,1014,1077,1204,1216,1259,1111,918,1234,1154,999,1013,1189,936,1077,961,1119,1023,1038,1123,1149,990,1111,1111,1389,1141,1017,1122,1224,832,1041,1020,1053,1300,1020,950,1212,1122,1224,1023,1287,1077,936,1389,1295,1196,1149,1236,1070,1236,999,914,1152,1044,1041,1189,1020,1198,1023,1044,1123,1111,1244,1077,1297,1226,1198,1088,1184,1013,1021,1216,1204,1297,1372,1096,1118,1119,1198,1044,975,1251,1097,990,1244,1295,1111,1161,1159,1291,1041,1184,1020,1041,1161,1259,
1042,1210,1119,1129,1033,963,987,1146,1129,1156,1021,836,1158,1070,943,937,1106,880,987,908,1028,958,959,1039,1063,906,1041,1041,1312,1062,938,1042,1129,775,971,950,988,1218,950,865,1146,1042,1129,958,1201,987,880,1312,1207,1113,1063,1162,989,1162,943,843,1085,969,971,1106,950,1122,958,969,1033,1041,1162,987,1212,1151,1122,1005,1119,937,969,1138,1146,1212,1270,1023,1035,1028,1122,969,910,1140,1004,906,1162,1207,1041,1076,1073,1206,971,1119,942,971,1076,1177,
972,1133,1040,1068,969,894,929,1078,1057,1062,961,796,1076,1005,875,887,1049,822,929,843,976,904,881,971,999,838,970,970,1216,994,877,972,1068,724,910,889,918,1153,889,802,1077,972,1068,904,1134,929,822,1216,1127,1050,999,1087,921,1087,875,803,1002,919,910,1049,889,1039,904,919,969,970,1084,929,1141,1074,1039,950,1040,887,893,1060,1078,1141,1202,954,970,976,1039,919,859,1072,925,838,1084,1127,970,1004,1015,1115,910,1040,888,910,1004,1097,
923,1061,981,992,903,845,874,997,1009,995,893,738,1011,948,819,833,974,778,874,779,912,840,833,923,934,778,918,918,1153,933,817,923,992,678,849,843,863,1066,843,732,1001,923,992,840,1074,874,778,1153,1055,974,934,1018,873,1018,819,752,943,857,849,974,843,976,840,857,903,918,1012,874,1070,1009,976,888,981,833,839,1002,997,1070,1119,907,910,912,976,857,801,1007,861,778,1012,1055,918,934,951,1048,849,981,834,849,934,1032,
849,995,925,927,859,797,826,936,933,925,841,705,953,884,766,772,921,728,826,733,859,786,766,859,875,721,857,857,1070,880,774,849,927,634,793,782,805,994,782,675,930,849,927,786,1002,826,728,1070,991,921,875,947,814,947,766,702,879,802,793,921,782,925,786,802,859,857,964,826,998,948,925,836,925,772,786,939,936,998,1045,835,846,859,925,802,749,946,791,721,964,991,857,874,882,984,793,925,779,793,874,950,
794,932,853,878,798,735,767,877,871,861,797,655,894,832,722,724,853,678,767,695,797,747,727,804,827,687,792,792,1002,821,727,794,878,594,758,735,756,945,735,626,871,794,878,747,936,767,678,1002,926,853,827,895,765,895,722,658,830,754,758,853,735,861,747,754,798,792,887,767,948,880,861,782,853,724,732,875,877,948,985,798,792,797,861,754,701,884,729,687,887,926,792,819,832,922,758,853,733,758,819,898,
758,872,804,819,758,693,724,823,825,811,743,607,833,774,677,681,806,642,724,651,753,687,685,754,772,641,752,752,942,785,685,758,819,565,703,685,716,883,685,577,825,758,819,687,883,724,642,942,867,809,772,841,715,841,677,614,778,694,703,806,685,810,687,694,758,752,832,724,878,825,810,730,804,681,686,818,823,878,923,739,737,753,810,694,670,831,699,641,832,867,752,782,775,861,703,804,688,703,782,841,
700,814,750,761,706,652,674,767,768,752,694,576,774,732,621,637,753,598,674,613,705,652,640,708,713,605,708,708,885,730,638,700,761,519,660,647,665,829,647,546,782,700,761,652,819,674,598,885,801,749,713,782,672,782,621,574,730,656,660,753,647,757,652,656,706,708,788,674,831,768,757,693,750,637,652,762,767,831,860,708,708,705,757,656,626,779,652,605,788,801,708,724,725,810,660,750,632,660,724,785,
665,773,708,731,661,610,639,725,721,714,658,543,736,689,595,602,708,562,639,569,667,617,593,670,681,559,658,658,831,681,583,665,731,498,627,606,629,775,606,511,720,665,731,617,768,639,562,831,763,713,681,741,630,741,595,538,684,624,627,708,606,720,617,624,661,658,744,639,777,735,720,652,708,602,601,722,725,777,814,650,662,667,720,624,585,733,604,559,744,763,658,683,685,766,627,708,603,627,683,745,
620,732,671,682,625,570,597,676,690,673,614,519,697,649,561,566,660,535,597,539,628,572,568,626,640,533,630,630,774,638,558,620,682,459,592,570,587,733,570,483,689,620,682,572,729,597,535,774,693,672,640,702,594,702,561,508,649,581,592,660,570,674,572,581,625,630,694,597,730,686,674,606,671,566,566,687,676,730,768,616,618,628,674,581,553,685,568,533,694,693,630,647,652,732,592,671,564,592,647,701,
589,685,631,647,587,537,563,646,640,635,582,484,653,612,543,532,624,504,563,513,597,541,534,599,608,499,588,588,736,604,529,589,647,440,551,541,564,694,541,457,651,589,647,541,686,563,504,736,632,633,608,662,563,662,543,481,614,552,551,624,541,641,541,552,587,588,658,563,688,650,641,568,631,532,542,645,646,688,726,578,582,597,641,552,519,646,537,499,658,632,588,614,613,679,551,631,536,551,614,652,
568,657,597,614,558,511,533,612,611,601,547,458,618,578,499,509,600,473,533,483,563,517,505,559,575,471,559,559,703,580,505,568,614,407,526,500,537,653,500,429,606,568,614,517,651,533,473,703,603,599,575,628,536,628,499,455,573,522,526,600,500,607,517,522,558,559,626,533,649,611,607,546,597,509,507,608,612,649,693,553,557,563,607,522,491,621,511,471,626,603,559,576,579,639,526,597,508,526,576,635,
534,614,562,585,525,486,508,577,580,564,518,430,584,549,479,482,567,451,508,457,519,491,478,526,545,448,533,533,661,536,472,534,585,396,494,482,502,614,482,405,583,534,585,491,616,508,451,661,559,563,545,592,498,592,479,439,546,494,494,567,482,567,491,494,525,533,586,508,619,580,567,516,562,482,479,582,577,619,644,530,529,519,567,494,464,584,480,448,586,559,533,546,543,611,494,562,487,494,546,589,
501,584,531,543,497,456,473,549,552,539,489,416,556,518,453,458,531,421,473,431,496,469,453,509,520,425,504,504,630,518,444,501,543,372,462,461,475,583,461,375,547,501,543,469,589,473,421,630,542,539,520,559,481,559,453,403,513,468,462,531,461,539,469,468,497,504,558,473,584,545,539,479,531,458,457,548,549,584,618,493,502,496,539,468,442,549,462,425,558,542,504,517,514,568,462,531,449,462,517,564,
480,545,504,507,474,437,455,522,518,507,472,383,524,488,427,435,511,400,455,408,469,441,432,480,486,404,468,468,594,493,424,480,507,352,444,437,452,557,437,361,522,480,507,441,552,455,400,594,507,502,486,531,452,531,427,392,490,448,444,511,437,513,441,448,474,468,531,455,561,523,513,457,504,435,429,515,522,561,585,466,478,469,513,448,418,529,430,404,531,507,468,488,495,547,444,504,429,444,488,534,
445,520,484,480,442,408,423,489,486,477,442,365,498,463,399,406,478,379,423,384,444,413,406,454,455,386,448,448,560,456,399,445,480,331,417,413,416,521,413,339,497,445,480,413,523,423,379,560,475,480,455,492,433,492,399,376,465,415,417,478,413,481,413,415,442,448,503,423,524,491,481,437,484,406,407,491,489,524,552,441,449,444,481,415,390,491,407,386,503,475,448,469,465,518,417,484,407,417,469,504,
420,488,455,449,422,388,406,462,461,455,419,348,471,434,379,387,456,359,406,364,427,386,378,422,435,367,420,420,533,441,382,420,449,312,397,383,401,499,383,325,457,420,449,386,493,406,359,533,446,448,435,469,401,469,379,347,439,393,397,456,383,450,386,393,422,420,470,406,502,461,450,411,455,387,385,463,462,502,523,417,430,427,450,393,373,467,388,367,470,446,420,426,435,490,397,455,385,397,426,473,
398,466,429,424,403,365,387,433,435,425,395,330,448,414,363,358,424,341,387,348,402,373,361,399,402,335,406,406,500,405,358,398,424,298,371,367,380,472,367,306,436,398,424,373,464,387,341,500,420,429,402,443,386,443,363,320,419,372,371,424,367,426,373,372,403,406,445,387,469,443,426,385,429,358,364,433,433,469,481,393,401,402,426,372,348,437,363,335,445,420,406,414,417,460,371,429,358,371,414,441,
379,443,401,385,371,345,363,413,421,405,368,308,416,395,341,338,405,321,363,323,375,346,344,379,383,322,375,375,474,384,339,379,385,277,356,344,359,432,344,289,414,379,385,346,439,363,321,474,390,407,383,416,362,416,341,308,389,356,356,405,344,398,346,356,371,375,422,363,438,413,398,362,401,338,350,410,413,438,470,373,378,375,398,356,336,413,340,322,422,390,375,385,390,436,356,401,348,356,385,420,
352,418,383,365,356,324,342,387,390,381,356,289,392,377,324,329,381,303,342,305,361,331,324,356,363,306,355,355,447,373,318,352,365,262,335,325,345,413,325,273,393,352,365,331,411,342,303,447,373,380,363,397,339,397,324,290,369,334,335,381,325,385,331,334,356,355,390,342,414,391,385,344,383,329,327,386,387,414,434,348,362,361,385,334,321,388,325,306,390,373,355,365,369,412,335,383,326,335,365,398,
340,391,355,338,337,305,321,361,364,357,328,272,367,350,306,305,358,282,321,293,335,315,302,343,347,288,332,332,419,343,303,340,338,254,312,307,322,394,307,261,370,340,338,315,385,321,282,419,355,359,347,377,324,377,306,279,347,315,312,358,307,361,315,315,337,332,373,321,395,367,361,326,355,305,307,371,361,395,409,327,333,335,361,315,299,370,311,288,373,355,332,341,346,386,312,355,303,312,341,379,
318,367,339,315,318,289,300,353,347,347,309,260,358,327,286,292,341,271,300,269,313,294,288,322,327,274,321,321,398,317,283,318,315,233,297,294,296,362,294,247,344,318,315,294,367,300,271,398,335,340,327,360,304,360,286,258,324,299,297,341,294,338,294,299,318,321,350,300,365,348,338,312,339,292,290,346,353,365,383,315,320,313,338,299,278,350,291,274,350,335,321,328,325,361,297,339,293,297,328,359,
298,347,320,301,300,278,280,327,329,312,290,244,334,307,266,270,319,252,280,259,302,274,264,307,304,255,297,297,370,302,269,298,301,223,278,269,276,333,269,228,323,298,301,274,343,280,252,370,314,320,304,330,280,330,266,242,303,277,278,319,269,319,274,277,300,297,342,280,354,322,319,285,320,270,272,327,327,354,365,293,296,302,319,277,262,333,271,255,342,314,297,307,307,343,278,320,274,278,307,341,
278,325,297,279,283,261,271,309,307,302,278,234,307,288,256,248,294,240,271,245,274,263,252,281,294,244,279,279,350,286,252,278,279,210,258,259,265,310,259,212,307,278,279,263,328,271,240,350,290,300,294,310,272,310,256,230,284,263,258,294,259,298,263,263,283,279,311,271,332,310,298,273,297,248,253,306,309,332,345,275,286,274,298,263,244,308,252,244,311,290,279,287,288,324,258,297,257,258,287,315,
266,303,280,268,261,241,256,287,287,285,259,210,292,270,235,237,289,225,256,227,265,240,236,266,271,225,267,267,330,269,242,266,268,189,249,242,252,290,242,197,286,266,268,240,307,256,225,330,279,284,271,300,256,300,235,216,265,243,249,289,242,276,240,243,261,267,297,256,317,298,276,262,280,237,245,289,287,317,324,263,269,265,276,243,235,299,248,225,297,279,267,275,276,306,249,280,239,249,275,296,
253,290,265,246,249,220,242,269,268,265,242,201,280,260,219,232,266,208,242,216,252,228,224,254,251,214,254,254,311,253,226,253,246,187,231,230,230,273,230,188,264,253,246,228,290,242,208,311,266,267,251,273,235,273,219,205,255,229,231,266,230,264,228,229,249,254,278,242,294,275,264,241,265,232,223,271,269,294,308,244,248,252,264,229,219,277,228,214,278,266,254,252,256,285,231,265,226,231,252,284,
235,273,250,234,236,219,229,257,263,247,234,195,267,245,214,214,249,205,229,202,233,218,212,239,245,199,232,232,296,240,212,235,234,177,224,214,222,253,214,179,256,235,234,218,271,229,205,296,249,253,245,266,227,266,214,189,248,224,224,249,214,251,218,224,236,232,265,229,274,258,251,231,250,214,215,256,257,274,283,237,236,233,251,224,207,256,216,199,265,249,232,236,238,276,224,250,211,224,236,268,
231,256,242,224,220,207,217,242,243,240,217,181,243,232,204,198,240,190,217,191,222,204,208,223,228,189,225,225,275,229,203,231,224,169,205,203,210,237,203,168,244,231,224,204,257,217,190,275,234,237,228,250,210,250,204,183,229,205,205,240,203,238,204,205,220,225,248,217,258,248,238,219,242,198,204,236,242,258,272,221,221,222,238,205,195,246,202,189,248,234,225,232,228,254,205,242,204,205,232,248,
213,242,220,208,210,193,198,235,230,231,211,173,232,214,186,192,225,179,198,182,209,192,191,211,213,179,205,205,262,215,183,213,208,152,195,190,199,221,190,158,234,213,208,192,244,198,179,262,220,225,213,232,204,232,186,169,219,200,195,225,190,223,192,200,210,205,237,198,246,227,223,204,220,192,187,224,235,246,263,205,212,209,223,200,184,227,195,179,237,220,205,217,218,243,195,220,194,195,217,234,
199,228,213,196,199,183,192,217,213,217,194,166,225,207,181,181,215,168,192,170,195,183,180,202,200,172,199,199,244,206,180,199,196,145,186,181,187,216,181,152,215,199,196,183,229,192,168,244,219,209,200,225,194,225,181,159,206,187,186,215,181,209,183,187,199,199,219,192,231,218,209,193,213,181,183,214,217,231,246,196,199,195,209,187,177,221,181,172,219,219,199,202,199,227,186,213,180,186,202,225,
186,219,201,185,191,172,175,205,206,198,184,151,209,194,172,169,194,160,175,162,188,174,168,189,193,158,185,185,232,188,167,186,185,137,176,174,177,203,174,143,207,186,185,174,220,175,160,232,190,200,193,208,177,208,172,149,190,177,176,194,174,204,174,177,191,185,210,175,219,203,204,182,201,169,168,209,205,219,232,183,186,188,204,177,168,209,169,158,210,190,185,192,196,212,176,201,170,176,192,209,
178,202,186,174,175,164,165,194,192,191,173,144,195,182,153,158,185,147,165,150,176,162,159,178,180,149,172,172,220,178,161,178,174,133,165,164,166,189,164,135,191,178,174,162,200,165,147,220,181,191,180,195,167,195,153,143,180,165,165,185,164,188,162,165,175,172,201,165,203,194,188,170,186,158,158,191,194,203,215,171,173,176,188,165,158,190,158,149,201,181,172,184,179,205,165,186,158,165,184,196,
169,194,179,161,167,153,162,182,182,179,165,138,183,172,153,149,179,138,162,142,167,157,150,169,169,142,161,161,212,173,151,169,161,122,156,153,154,178,153,126,179,169,161,157,193,162,138,212,175,178,169,185,155,185,153,137,171,155,156,179,153,177,157,155,167,161,183,162,196,185,177,162,179,149,152,178,182,196,204,163,163,167,177,155,144,182,149,142,183,175,161,173,171,189,156,179,151,156,173,187,
159,183,166,154,162,144,152,173,169,168,150,124,171,164,140,140,169,132,152,136,157,141,144,159,166,131,155,155,196,160,139,159,154,119,149,140,150,166,140,118,169,159,154,141,179,152,132,196,159,168,166,177,148,177,140,127,163,147,149,169,140,171,141,147,162,155,181,152,184,171,171,154,166,140,140,169,173,184,188,153,160,157,171,147,137,171,141,131,181,159,155,164,160,177,149,166,140,149,164,181,
151,176,160,148,148,137,144,158,162,160,145,120,165,152,130,134,161,123,144,128,150,138,134,150,153,126,147,147,181,154,135,151,148,108,136,137,142,159,137,114,162,151,148,138,175,144,123,181,148,158,153,164,142,164,130,124,151,136,136,161,137,160,138,136,148,147,164,144,174,159,160,141,160,134,131,160,158,174,177,144,144,150,160,136,132,164,138,126,164,148,147,148,152,171,136,160,132,136,148,168,
139,160,149,135,141,125,133,151,152,149,137,119,155,148,125,130,150,119,133,119,139,130,127,140,141,122,140,140,173,140,128,139,135,104,132,129,131,145,129,107,157,139,135,130,161,133,119,173,139,150,141,154,132,154,125,112,146,133,132,150,129,146,130,133,141,140,157,133,165,153,146,137,149,130,126,151,151,165,173,136,140,139,146,133,123,157,129,122,157,139,140,143,143,162,132,149,127,132,143,157,
133,156,145,130,131,122,124,145,145,140,132,107,149,134,120,115,142,114,124,116,132,122,116,134,137,111,130,130,166,139,118,133,130,98,126,120,123,142,120,104,145,133,130,122,151,124,114,166,129,140,137,146,124,146,120,108,133,121,126,142,120,139,122,121,131,130,149,124,156,144,139,133,145,115,120,144,145,156,155,129,134,132,139,121,120,148,121,111,149,129,130,133,134,153,126,145,119,126,133,148,
130,140,130,122,122,112,117,135,134,133,120,103,139,131,114,111,130,104,117,108,124,116,112,124,131,107,120,120,157,125,112,130,122,93,117,110,118,133,110,92,137,130,122,116,144,117,104,157,123,134,131,138,117,138,114,101,125,116,117,130,110,133,116,116,122,120,138,117,146,135,133,118,130,111,114,135,135,146,153,122,126,124,133,116,110,136,116,107,138,123,120,128,127,143,117,130,112,117,128,140,
120,137,127,119,118,105,111,128,127,124,115,96,128,123,107,107,124,98,111,99,116,107,107,115,122,102,119,119,150,120,106,120,119,87,107,106,108,124,106,87,131,120,119,107,131,111,98,150,112,122,122,132,111,132,107,92,119,108,107,124,106,124,107,108,118,119,132,111,136,127,124,113,127,107,106,126,128,136,143,115,117,116,124,108,102,132,109,102,132,112,119,122,123,136,107,127,105,107,122,130,
111,132,117,109,110,100,109,124,119,119,111,91,126,114,98,101,117,95,109,96,109,102,98,112,112,95,111,111,141,117,101,111,109,80,103,99,109,120,99,83,121,111,109,102,126,109,95,141,107,117,112,125,105,125,98,91,112,103,103,117,99,120,102,103,110,111,124,109,127,124,120,109,117,101,100,126,124,127,139,111,112,109,120,103,96,123,99,95,124,107,111,114,112,127,103,117,99,103,114,127,
107,124,112,103,104,95,101,111,112,110,101,84,116,107,92,95,110,88,101,88,100,97,94,106,103,91,104,104,128,109,95,107,103,76,97,98,99,109,98,76,115,107,103,97,122,101,88,128,101,110,103,115,102,115,92,84,108,95,97,110,98,110,97,95,104,104,119,101,121,115,110,103,112,95,96,115,111,121,129,103,101,100,110,95,93,118,95,91,119,101,104,108,104,119,97,112,95,97,108,117,
97,112,106,95,98,90,98,107,108,101,101,80,108,103,89,89,106,83,98,82,98,90,88,99,98,85,100,100,126,101,89,97,95,74,93,91,94,106,91,77,108,97,95,90,113,98,83,126,93,106,98,113,97,113,89,78,104,92,93,106,91,103,90,92,98,100,107,98,121,110,103,96,106,89,90,107,107,121,119,95,98,98,103,92,89,106,91,85,107,93,100,99,100,112,93,106,86,93,99,110,
94,109,99,89,93,88,89,101,100,103,88,74,102,91,84,80,95,82,89,80,93,88,84,94,97,78,92,92,120,95,85,94,89,70,86,85,88,104,85,71,103,94,89,88,105,89,82,120,88,98,97,104,86,104,84,77,94,89,86,95,85,98,88,89,93,92,104,89,108,102,98,88,99,80,85,104,101,108,115,93,95,93,98,89,80,102,82,78,104,88,92,96,99,106,86,99,85,86,96,103,
86,102,93,86,88,80,82,94,95,94,81,68,96,90,78,79,93,75,82,77,87,79,76,90,89,75,86,86,107,89,80,86,86,64,84,78,83,96,78,65,94,86,86,79,100,82,75,107,85,95,89,100,85,100,78,74,89,80,84,93,78,94,79,80,88,86,96,82,100,96,94,86,93,79,82,95,94,100,112,83,86,87,94,80,80,97,79,75,96,85,86,92,91,100,84,93,82,84,92,97,
84,96,87,82,82,74,80,93,90,92,82,67,93,86,76,73,86,66,80,72,80,77,74,85,87,72,83,83,104,85,73,84,82,62,77,77,81,87,77,63,89,84,82,77,95,80,66,104,79,92,87,93,78,93,76,67,85,79,77,86,77,85,77,79,82,83,92,80,95,89,85,79,87,73,74,91,93,95,102,82,82,80,85,79,71,91,75,72,92,79,83,88,82,94,77,87,74,77,88,93,
77,91,84,78,76,72,76,86,84,85,76,61,86,80,71,67,81,66,76,65,77,72,71,79,81,66,77,77,98,79,73,77,78,59,76,71,74,84,71,58,87,77,78,72,92,76,66,98,74,83,81,84,71,84,71,63,79,74,76,81,71,86,72,74,76,77,85,76,93,85,86,75,84,67,74,83,86,93,99,75,80,77,86,74,71,86,71,66,85,74,77,80,83,91,76,84,71,76,80,88,
75,90,77,73,76,70,71,80,79,82,70,60,79,75,67,64,79,63,71,63,75,70,66,76,76,63,73,73,90,75,69,75,73,53,68,68,72,78,68,56,80,75,73,70,83,71,63,90,70,78,76,82,69,82,67,60,77,67,68,79,68,79,70,67,76,73,83,71,84,79,79,72,77,64,65,78,80,84,91,71,73,75,79,67,66,81,67,63,83,70,73,75,75,83,68,77,67,68,75,84,
69,81,75,71,70,66,69,76,76,76,67,55,79,71,64,63,71,58,69,59,68,62,63,68,67,60,72,72,86,71,65,69,71,50,65,65,65,73,65,50,77,69,71,62,83,69,58,86,70,72,67,77,66,77,64,55,72,64,65,71,65,74,62,64,70,72,76,69,83,79,74,68,75,63,64,76,76,83,84,68,67,68,74,64,61,79,64,60,76,70,72,69,73,80,65,75,63,65,69,76,
66,76,70,65,63,59,63,71,72,70,62,52,73,69,57,61,70,56,63,58,65,58,55,66,67,54,63,63,81,66,56,66,65,50,65,58,64,69,58,51,71,66,65,58,75,63,56,81,60,69,67,74,61,74,57,54,67,61,65,70,58,70,58,61,63,63,71,63,79,74,70,64,70,61,59,72,71,79,82,63,67,65,70,61,60,72,61,54,71,60,63,70,67,75,65,70,59,65,70,76,
61,71,65,61,62,57,61,68,67,67,60,52,69,65,54,54,67,51,61,52,59,56,56,61,62,53,64,64,80,64,58,61,61,44,58,55,60,67,55,49,67,61,61,56,71,61,51,80,59,67,62,68,61,68,54,50,64,58,58,67,55,67,56,58,62,64,68,61,73,69,67,57,65,54,59,66,68,73,72,60,59,59,67,58,55,70,55,53,68,59,64,63,62,72,58,65,57,58,63,70,
58,68,64,58,58,52,55,64,63,63,57,50,65,60,51,54,60,49,55,49,59,54,54,57,60,50,57,57,74,61,54,58,58,42,53,52,55,66,52,44,64,58,58,54,68,55,49,74,55,63,60,63,55,63,51,49,60,56,53,60,52,63,54,56,58,57,68,55,66,65,63,58,64,54,52,65,64,66,72,58,59,59,63,56,51,66,53,50,68,55,57,60,63,67,53,64,52,53,60,67,
55,65,59,55,58,52,53,60,61,59,54,44,61,58,51,50,58,46,53,47,54,52,48,55,59,46,54,54,68,57,50,55,55,43,50,51,54,60,51,42,60,55,55,52,64,53,46,68,52,57,59,64,51,64,51,46,56,53,50,58,51,57,52,53,58,54,61,53,66,59,57,53,59,50,50,59,60,66,70,53,56,54,57,53,49,61,53,46,61,52,54,60,57,65,50,59,47,50,60,61,
51,63,53,52,52,49,50,56,58,57,51,41,57,53,47,47,56,44,50,43,49,48,48,52,51,44,53,53,67,53,46,51,52,39,49,48,47,55,48,41,55,51,52,48,62,50,44,67,50,55,51,59,50,59,47,44,55,49,49,56,48,56,48,49,52,53,57,50,60,55,56,51,53,47,47,57,56,60,63,51,50,49,56,49,45,60,48,44,57,50,53,53,51,60,49,53,46,49,53,60,
49,57,53,47,46,44,47,54,54,52,51,41,57,50,44,44,52,41,47,42,51,45,46,48,50,42,51,51,62,50,43,49,47,37,46,46,49,52,46,39,53,49,47,45,55,47,41,62,48,54,50,57,46,57,44,39,51,46,46,52,46,51,45,46,46,51,53,47,57,53,51,48,53,44,46,52,54,57,62,49,51,51,51,46,44,54,44,42,53,48,51,51,52,55,46,53,46,46,51,54,
48,56,50,46,46,41,44,52,50,49,45,36,51,45,40,44,49,40,44,38,47,43,39,46,49,39,47,47,59,45,45,48,46,32,43,44,45,49,44,35,51,48,46,43,53,44,40,59,44,50,49,54,43,54,40,38,48,41,43,49,44,50,43,41,46,47,49,44,53,51,50,43,50,44,42,50,52,53,58,44,49,47,50,41,41,51,42,39,49,44,47,46,47,56,43,50,43,43,46,52,
42,52,46,45,43,39,44,48,45,50,42,34,49,46,38,39,45,37,44,38,44,40,39,44,47,35,44,44,55,43,39,42,45,33,42,41,40,48,41,32,49,42,45,40,50,44,37,55,42,45,47,47,40,47,38,35,44,41,42,45,41,47,40,41,43,44,49,44,51,48,47,41,46,39,41,48,48,51,55,42,43,44,47,41,39,48,40,35,49,42,44,47,48,48,42,46,38,42,47,49,
40,48,42,38,42,39,38,43,46,46,37,34,47,43,37,38,43,36,38,37,40,38,36,43,42,34,41,41,54,42,40,40,38,30,40,37,38,44,37,32,44,40,38,38,46,38,36,54,38,45,42,46,41,46,37,35,44,39,40,43,37,45,38,39,42,41,47,38,47,45,45,39,42,38,37,46,43,47,51,40,42,40,45,39,36,45,38,34,47,38,41,41,43,47,40,42,36,40,41,48,
39,46,42,38,40,38,36,43,43,43,39,30,43,42,36,34,41,35,36,33,39,35,35,38,41,34,38,38,47,41,34,39,38,27,36,35,38,40,35,30,44,39,38,35,46,36,35,47,37,41,41,45,39,45,36,30,40,35,36,41,35,42,35,35,40,38,42,36,47,44,42,36,42,34,35,44,43,47,47,40,38,39,42,35,34,44,36,34,42,37,38,40,41,43,36,42,36,36,40,44,
35,43,38,37,36,34,35,38,41,41,37,27,40,38,31,32,41,32,35,32,35,33,31,37,38,32,37,37,44,37,34,35,37,28,33,35,35,38,35,27,40,35,37,33,44,35,32,44,37,39,38,39,35,39,31,29,37,35,33,41,35,41,33,35,36,37,41,35,42,39,41,35,38,32,33,40,38,42,45,37,37,35,41,35,32,42,34,32,41,37,37,37,39,41,33,38,34,33,37,39,
35,42,36,33,34,32,34,38,38,38,34,28,39,36,32,31,36,28,34,30,33,34,33,35,34,31,35,35,44,36,32,35,33,25,30,32,32,37,32,26,37,35,33,34,39,34,28,44,34,37,34,40,32,40,32,30,36,32,30,36,32,36,34,32,34,35,39,34,40,38,36,35,36,31,32,40,38,40,44,33,35,33,36,32,30,35,31,31,39,34,35,35,36,40,30,36,32,30,35,38,
32,38,34,31,32,29,33,35,35,35,32,26,36,32,32,29,35,29,33,30,32,29,28,32,35,28,32,32,40,34,29,32,31,26,32,29,32,35,29,25,35,32,31,29,39,33,29,40,30,33,35,36,31,36,32,26,33,30,32,35,29,34,29,30,32,32,37,33,38,35,34,33,34,29,29,36,35,38,40,31,34,32,34,30,30,36,30,28,37,30,32,31,33,38,32,34,29,32,31,37,
32,35,33,29,30,28,30,33,35,32,30,24,33,33,27,28,32,25,30,27,31,30,27,30,35,26,30,30,40,32,28,32,29,23,29,28,29,33,28,23,36,32,29,30,35,30,25,40,28,33,35,36,31,36,27,25,31,28,29,32,28,35,30,28,30,30,33,30,36,35,35,31,33,28,28,31,33,36,38,30,32,31,35,28,26,35,28,26,33,28,30,32,33,34,29,33,28,29,32,36,
28,33,32,29,27,26,28,32,32,32,27,24,32,32,26,27,29,24,28,27,30,26,26,29,30,23,30,30,36,31,27,28,29,22,26,27,25,32,27,23,33,28,29,26,34,28,24,36,28,31,30,33,29,33,26,24,31,27,26,29,27,31,26,27,27,30,31,28,34,31,31,29,32,27,26,32,32,34,36,27,27,30,31,27,27,33,26,23,31,28,30,28,30,33,26,32,26,26,28,32,
27,32,28,27,27,26,26,30,29,30,25,23,30,29,25,24,27,23,26,23,26,26,25,28,28,23,28,28,34,27,26,27,27,20,27,26,26,32,26,20,30,27,27,26,32,26,23,34,27,28,28,32,26,32,25,22,28,26,27,27,26,29,26,26,27,28,31,26,31,31,29,26,28,24,25,29,30,31,37,26,27,26,29,26,24,29,26,23,31,27,28,31,29,31,27,28,24,27,31,32,
27,30,27,25,24,25,24,28,26,27,26,20,29,26,24,24,28,23,24,22,27,23,22,25,27,22,26,26,35,28,24,27,25,20,24,24,25,28,24,17,30,27,25,23,29,24,23,35,24,27,27,28,24,28,24,22,27,24,24,28,24,27,23,24,24,26,28,24,29,27,27,23,27,24,24,28,28,29,32,26,26,27,27,24,23,28,24,22,28,24,26,26,26,30,24,27,23,24,26,31,
24,30,27,24,24,22,23,27,27,27,22,19,29,27,22,22,26,20,23,20,24,21,21,26,24,21,25,25,30,22,22,24,24,19,22,22,25,29,22,19,26,24,24,21,29,23,20,30,23,26,24,27,23,27,22,20,25,22,22,26,22,25,21,22,24,25,27,23,28,28,25,25,27,22,22,27,27,28,31,24,23,24,25,22,23,28,22,21,27,23,25,25,27,28,22,27,22,22,25,26,
24,27,25,23,21,22,23,26,25,24,22,18,28,23,22,20,23,19,23,19,24,22,21,23,24,20,23,23,30,22,21,24,23,17,22,22,22,24,22,18,25,24,23,22,27,23,19,30,21,25,24,26,22,26,22,19,22,21,22,23,22,26,22,21,21,23,26,23,27,28,26,23,25,20,21,26,26,27,28,21,24,24,26,21,20,26,22,20,26,21,23,26,25,25,22,25,21,22,26,27,
22,24,24,22,22,19,21,23,24,23,22,17,24,22,21,19,24,18,21,19,22,19,21,23,22,18,22,22,26,23,19,22,22,18,20,21,22,23,21,17,24,22,22,19,25,21,18,26,22,23,22,23,21,23,21,17,22,21,20,24,21,24,19,21,22,22,24,21,26,23,24,22,24,19,19,23,23,26,26,21,22,22,24,21,19,25,20,18,24,22,22,22,23,26,20,24,20,20,22,23,
21,26,22,21,21,17,20,22,23,23,20,16,22,20,18,19,21,19,20,19,21,19,18,20,21,17,20,20,26,20,20,21,21,15,19,20,19,23,20,15,21,21,21,19,24,20,19,26,20,20,21,22,18,22,18,17,21,18,19,21,20,24,19,18,21,20,23,20,25,22,24,19,22,19,19,24,22,25,25,20,22,21,24,18,18,22,18,17,23,20,20,21,21,24,19,22,18,19,21,24,
19,22,20,20,21,18,17,20,21,20,20,14,22,20,16,18,19,18,17,17,19,17,17,19,21,18,19,19,24,20,18,19,20,15,19,18,18,19,18,15,21,19,20,17,24,17,18,24,18,21,21,24,18,24,16,15,20,17,19,19,18,20,17,17,21,19,21,17,24,21,20,19,20,18,17,22,20,24,23,19,20,19,20,17,18,22,17,18,21,18,19,20,20,22,19,20,17,19,20,20,
19,21,21,18,20,18,17,21,21,19,20,13,19,19,17,18,19,16,17,15,18,17,17,18,18,17,18,18,23,19,16,19,18,13,17,16,17,21,16,14,19,19,18,17,22,17,16,23,17,19,18,21,17,21,17,15,19,18,17,19,16,20,17,18,20,18,22,17,21,19,20,18,21,18,17,19,21,21,24,19,19,18,20,18,18,21,18,17,22,17,18,18,19,21,17,21,17,17,18,20,
17,20,18,16,17,15,17,18,17,19,17,14,20,19,16,15,19,15,17,14,17,16,16,16,18,14,19,19,25,18,15,17,16,14,14,15,17,18,15,13,21,17,16,16,20,17,15,25,16,19,18,19,17,19,16,15,17,15,14,19,15,20,16,15,17,19,20,17,21,17,20,16,18,15,15,18,18,21,22,17,17,17,20,15,15,19,17,14,20,16,19,17,18,18,14,18,17,14,17,20,
15,19,18,15,16,14,16,18,17,18,15,12,18,16,16,14,16,12,16,14,18,16,14,16,15,15,16,16,21,16,14,15,15,12,15,14,15,18,14,13,18,15,15,16,19,16,12,21,16,16,15,18,16,18,16,13,16,15,15,16,14,17,16,15,16,16,18,16,19,17,17,15,18,14,15,17,18,19,19,15,15,18,17,15,14,18,14,15,18,16,16,18,17,19,15,18,15,15,18,17,
16,18,17,16,16,14,16,17,16,16,15,11,16,15,14,14,16,12,16,13,15,13,14,16,17,13,15,15,18,16,15,16,16,12,15,14,14,17,14,11,16,16,16,13,18,16,12,18,15,16,17,16,14,16,14,13,15,14,15,16,14,16,13,14,16,15,16,16,19,18,16,15,17,14,14,17,17,19,19,14,14,15,16,14,13,17,12,13,16,15,15,16,15,16,15,17,14,15,16,19,
15,18,16,14,14,13,13,16,16,16,15,11,16,15,14,13,14,13,13,13,15,14,13,14,15,12,14,14,17,14,13,15,14,11,15,14,16,16,14,11,16,15,14,14,17,13,13,17,14,14,15,18,14,18,14,12,15,13,15,14,14,16,14,13,14,14,15,13,17,16,16,15,16,13,13,16,16,17,17,14,16,15,16,13,13,17,12,12,15,14,14,15,15,16,15,16,13,15,15,18,
14,17,14,14,13,12,14,15,13,16,13,10,16,15,14,13,15,11,14,13,13,13,12,14,15,12,13,13,18,13,13,14,14,11,12,13,13,14,13,12,15,14,14,13,16,14,11,18,12,14,15,15,12,15,14,11,15,13,12,15,13,14,13,13,13,13,15,14,17,15,14,13,14,13,12,15,15,17,16,14,14,13,14,13,12,16,13,12,15,12,13,14,14,16,12,14,12,12,14,15,
12,15,13,14,12,11,12,14,14,13,13,10,14,13,12,12,14,11,12,11,13,12,12,14,14,11,13,13,15,13,11,12,14,10,12,12,12,11,12,10,13,12,14,12,14,12,11,15,12,13,14,16,13,16,12,10,13,12,12,14,12,14,12,12,12,13,13,12,15,15,14,12,13,12,11,15,14,15,14,13,13,13,14,12,12,14,11,11,13,12,13,14,13,15,12,13,13,12,14,15,
11,13,13,12,12,11,11,14,13,13,12,10,14,12,11,11,14,10,11,10,14,12,11,12,12,10,12,12,15,12,11,11,12,9,12,11,11,13,11,10,13,11,12,12,13,11,10,15,11,12,12,14,11,14,11,9,12,12,12,14,11,14,12,12,12,12,14,11,15,13,14,12,13,11,12,13,14,15,14,12,12,14,14,12,10,13,11,10,14,11,12,12,12,13,12,13,12,12,12,15,
12,14,11,10,11,9,11,12,13,12,12,9,13,12,10,10,13,10,11,10,12,11,10,12,13,10,12,12,15,11,10,12,10,11,12,11,10,13,11,9,11,12,10,11,12,11,10,15,9,13,13,13,13,13,10,9,12,10,12,13,11,13,11,10,11,12,12,11,13,13,13,11,11,10,11,12,12,13,15,11,11,12,13,10,10,12,10,10,12,9,12,13,12,13,12,11,11,12,13,14,
10,13,11,10,11,10,11,11,12,11,10,9,12,11,12,8,10,10,11,10,11,10,10,12,11,9,9,9,14,12,10,10,10,8,10,11,10,12,11,9,12,10,10,10,13,11,10,14,11,12,11,12,10,12,12,8,11,11,10,10,11,12,10,11,11,9,12,11,12,12,12,10,11,8,11,11,11,12,13,9,11,11,12,11,9,12,11,9,12,11,9,11,10,12,10,11,10,10,11,12,
11,12,11,10,10,8,10,12,11,11,10,8,11,11,9,9,12,8,10,9,10,10,9,11,11,8,12,12,14,10,10,11,10,8,9,9,10,11,9,7,10,11,10,10,12,10,8,14,10,12,11,11,10,11,9,8,10,9,9,12,9,11,10,9,10,12,12,10,12,11,11,11,11,9,9,11,12,12,13,10,11,10,11,9,8,11,10,8,12,10,12,11,10,11,9,11,10,9,11,11,
9,12,10,9,10,9,10,10,11,10,8,8,11,10,9,9,10,9,10,8,10,9,9,10,9,8,9,9,12,9,9,9,9,7,9,9,9,11,9,8,11,9,9,9,12,10,9,12,9,10,9,11,9,11,9,8,10,9,9,10,9,10,9,9,10,9,10,10,12,11,10,10,10,9,8,10,10,12,12,9,10,10,10,9,9,12,9,8,10,9,9,10,12,11,9,10,9,9,10,10,
9,10,10,9,9,8,10,10,10,11,9,8,11,9,9,8,10,8,10,8,9,9,8,9,9,7,8,8,11,9,8,9,9,6,8,9,8,10,9,6,11,9,9,9,11,10,8,11,9,10,9,11,10,11,9,7,8,8,8,10,9,10,9,8,9,8,10,10,10,9,10,9,10,8,9,10,10,10,11,9,9,9,10,8,8,9,8,7,10,9,8,9,9,9,8,10,9,8,9,10,
8,10,9,8,8,7,8,9,10,8,9,7,10,8,8,8,10,8,8,8,9,8,8,8,9,7,9,9,12,8,7,8,8,6,8,8,9,9,8,7,10,8,8,8,10,8,8,12,8,9,9,9,8,9,8,7,8,8,8,10,8,9,8,8,8,9,9,8,10,9,9,8,9,8,7,10,9,10,11,8,11,9,9,8,7,9,8,7,9,8,9,9,8,10,8,9,8,8,9,10,
8,9,9,7,7,7,8,9,9,9,7,7,10,9,8,7,9,6,8,7,8,8,7,8,9,8,8,8,10,7,7,8,7,6,8,8,9,9,8,6,10,8,7,8,10,8,6,10,8,8,9,9,7,9,8,7,9,8,8,9,8,8,8,8,7,8,10,8,9,9,8,8,9,7,8,9,9,9,11,8,8,8,8,8,7,10,7,8,10,8,8,9,9,9,8,9,7,8,9,10,
7,9,7,8,7,7,7,9,9,8,8,6,8,8,7,7,8,7,7,7,7,7,7,8,8,6,9,9,10,8,7,7,8,6,7,7,7,9,7,6,8,7,8,7,9,7,7,10,7,8,8,9,7,9,7,6,8,8,7,8,7,9,7,8,7,9,8,7,9,8,9,8,7,7,6,8,9,9,9,7,9,7,9,8,7,9,6,6,8,7,9,8,8,9,7,7,7,7,8,9,
8,8,8,7,8,7,7,8,8,7,7,5,7,8,7,7,8,5,7,7,7,6,7,7,7,6,7,7,9,7,7,8,7,6,6,7,7,8,7,6,7,8,7,6,8,7,5,9,6,7,7,8,6,8,7,5,7,8,6,8,7,8,6,8,8,7,8,7,9,8,8,7,8,7,7,7,8,9,7,7,8,7,8,8,6,7,7,6,8,6,7,8,7,8,6,8,7,6,8,8,
6,8,7,7,6,6,6,8,8,7,7,5,7,7,7,7,7,6,6,6,7,6,6,6,6,6,7,7,9,7,7,6,7,5,7,7,6,8,7,5,8,6,7,6,9,6,6,9,6,7,6,8,7,8,7,5,7,7,7,7,7,8,6,7,6,7,8,6,8,8,8,7,7,7,6,7,8,8,8,6,7,7,8,7,5,8,6,6,8,6,7,8,8,8,7,7,6,7,8,8,
6,7,6,7,7,6,6,7,7,7,6,5,7,6,6,5,7,6,6,6,7,5,6,7,6,6,6,6,7,7,6,6,7,5,6,6,7,7,6,4,7,6,7,5,7,6,6,7,6,6,6,7,6,7,6,5,6,6,6,7,6,7,5,6,7,6,6,6,8,8,7,6,6,5,6,7,7,8,7,6,6,7,7,6,5,7,5,6,6,6,6,6,6,6,6,6,6,6,6,7,
5,7,6,6,6,5,6,6,7,6,6,5,7,7,5,6,6,5,6,6,6,6,6,6,6,5,6,6,8,6,5,5,6,5,5,6,6,7,6,5,6,5,6,6,7,6,5,8,6,7,6,7,7,7,5,5,7,6,5,6,6,6,6,6,6,6,7,6,7,7,6,6,6,6,5,7,6,7,8,6,6,6,6,6,6,6,6,5,7,6,6,7,6,7,5,6,5,5,7,8,
5,7,6,5,5,5,5,6,6,7,6,4,6,7,6,5,6,5,5,6,7,5,5,6,5,5,5,5,7,6,5,5,5,4,6,5,5,6,5,4,6,5,5,5,6,5,5,7,5,5,5,7,6,7,6,5,6,5,6,6,5,6,5,5,5,5,6,5,6,6,6,6,6,5,5,6,6,6,8,5,5,7,6,5,5,7,6,5,6,5,5,7,6,7,6,6,6,6,7,6,
6,6,6,6,6,5,5,6,5,6,5,5,5,6,5,5,6,4,5,4,6,4,5,6,5,5,5,5,7,6,5,6,6,4,5,5,5,5,5,5,6,6,6,4,6,5,4,7,5,5,5,6,5,6,5,5,5,5,5,6,5,5,4,5,6,5,6,5,7,5,5,6,6,5,5,5,6,7,8,6,6,6,5,5,4,7,5,5,6,5,5,6,6,6,5,6,5,5,6,7,
5,6,6,5,5,4,4,6,5,6,5,4,5,5,4,4,6,4,4,4,5,5,5,5,5,5,5,5,7,6,4,5,5,4,5,4,4,6,4,4,6,5,5,5,6,4,4,7,5,5,5,5,5,5,4,3,4,5,5,6,4,6,5,5,5,5,5,4,7,6,6,5,6,4,4,6,6,7,6,5,5,5,6,5,4,5,4,5,5,5,5,6,5,6,5,6,5,5,6,6,
5,6,6,5,5,4,5,5,5,5,5,4,6,5,5,5,5,4,5,4,5,5,5,5,5,4,5,5,6,5,5,5,5,4,4,5,5,5,5,3,5,5,5,5,6,5,4,6,5,5,5,6,5,6,5,4,5,5,4,5,5,5,5,5,5,5,5,5,6,6,5,5,6,5,4,5,5,6,6,5,5,5,5,5,5,5,4,4,5,5,5,5,5,5,4,6,5,4,5,5,
5,6,5,4,4,4,4,5,4,5,5,3,6,4,4,4,5,5,4,4,5,4,4,5,4,4,4,4,6,5,5,5,4,3,4,5,4,5,5,3,5,5,4,4,5,4,5,6,4,5,4,5,5,5,4,3,4,5,4,5,5,5,4,5,4,4,4,4,6,5,5,4,5,4,4,4,5,6,6,5,5,5,5,5,4,5,4,4,4,4,4,4,4,5,4,5,4,4,4,5,
4,5,5,4,5,4,4,5,5,4,4,3,5,5,4,3,4,4,4,4,5,4,4,5,4,4,4,4,5,4,4,4,4,4,4,3,4,4,3,3,4,4,4,4,5,4,4,5,4,4,4,5,5,5,4,4,4,4,4,4,3,4,4,4,5,4,5,4,5,5,4,4,5,3,4,5,5,5,5,4,5,5,4,4,4,5,4,4,5,4,4,5,4,5,4,5,4,4,5,5,
4,6,4,4,4,4,4,5,4,4,4,3,5,4,3,4,5,3,4,4,4,4,3,4,4,3,4,4,4,5,4,4,4,4,4,4,3,4,4,3,4,4,4,4,5,4,3,4,3,4,4,5,4,5,3,3,4,4,4,5,4,4,4,4,4,4,5,4,5,4,4,3,4,4,3,4,5,5,5,4,4,4,4,4,4,4,4,3,5,3,4,4,4,5,4,4,4,4,4,5,
4,5,4,4,5,3,4,5,4,4,4,3,4,4,3,3,4,3,4,3,4,3,3,4,4,4,3,3,4,3,4,4,4,4,4,3,4,4,3,3,4,4,4,3,4,4,3,4,4,4,4,4,4,4,3,4,3,4,4,4,3,4,3,4,5,3,5,4,5,5,4,3,4,3,3,4,5,5,4,4,5,4,4,4,4,5,3,4,5,4,3,3,4,5,4,4,4,4,3,4,
4,4,4,3,4,3,3,4,5,5,4,3,4,3,4,4,4,3,3,3,5,3,3,5,3,3,3,3,5,3,4,4,3,3,4,3,3,3,3,3,3,4,3,3,5,3,3,5,4,4,3,4,4,4,4,3,4,3,4,4,3,4,3,3,4,3,4,3,5,4,4,4,4,4,3,4,4,5,4,4,4,5,4,3,3,4,3,3,4,4,3,3,4,4,4,4,3,4,3,5,
4,4,4,3,4,3,3,3,4,4,3,3,4,4,3,3,4,3,3,3,4,3,4,3,4,3,4,4,5,3,3,4,3,3,3,3,3,4,3,2,3,4,3,3,4,3,3,5,3,4,4,3,4,3,3,2,4,3,3,4,3,4,3,3,4,4,3,3,5,4,4,3,4,3,3,4,3,5,5,3,4,4,4,3,3,4,3,3,3,3,4,3,4,4,3,4,3,3,3,3,
3,3,3,3,3,2,3,4,4,3,3,3,3,3,3,3,3,2,3,3,4,4,3,3,3,3,3,3,4,3,3,3,3,2,3,4,3,3,4,3,4,3,3,4,4,3,2,4,3,3,3,4,4,4,3,2,4,3,3,3,4,3,4,3,3,3,3,3,4,3,3,3,3,3,3,3,4,4,4,3,3,4,3,3,3,4,3,3,3,3,3,3,3,3,3,3,3,3,3,4,
3,4,3,3,3,3,3,3,3,3,3,2,3,3,3,2,4,2,3,3,3,3,3,2,3,2,3,3,4,4,3,3,3,3,3,3,3,4,3,3,3,3,3,3,4,3,2,4,3,3,3,3,3,3,3,3,3,3,3,4,3,3,3,3,3,3,3,3,3,3,3,3,3,2,3,3,3,3,4,3,3,3,3,3,2,3,2,2,3,3,3,3,3,3,3,3,2,3,3,4,
3,3,3,3,3,2,3,3,3,3,3,2,3,3,3,3,3,2,3,2,3,3,2,3,3,2,3,3,4,2,3,3,3,2,3,3,3,3,3,2,3,3,3,3,4,3,2,4,2,3,3,4,3,4,3,2,3,2,3,3,3,3,3,2,3,3,3,3,3,3,3,2,3,3,3,3,3,3,4,3,3,3,3,2,2,3,3,2,3,2,3,3,3,3,3,3,2,3,3,3,
2,3,3,3,3,2,3,3,3,3,3,2,3,2,3,2,3,2,3,3,3,2,2,2,3,3,3,3,4,2,2,2,3,2,2,2,3,3,2,2,3,2,3,2,3,3,2,4,2,2,3,3,3,3,3,2,2,3,2,3,2,3,2,3,3,3,3,3,4,3,3,2,3,2,3,3,3,4,3,3,3,3,3,3,2,3,2,3,3,2,3,3,3,3,2,3,2,2,3,3,
3,3,3,2,3,2,3,3,3,3,3,2,3,2,2,2,3,2,3,3,3,2,3,2,2,2,2,2,3,3,2,3,2,2,2,2,3,3,2,2,2,3,2,2,2,3,2,3,2,2,2,3,3,3,2,2,3,2,2,3,2,3,2,2,3,2,3,3,3,3,3,2,3,2,2,2,3,3,3,2,2,3,3,2,2,3,3,2,3,2,2,2,2,3,2,3,2,2,2,3,
2,3,3,3,2,2,2,3,2,3,3,2,2,2,3,2,3,2,2,2,2,2,2,3,2,2,2,2,3,2,3,2,3,2,3,2,2,3,2,2,2,2,3,2,2,2,2,3,2,3,2,3,2,3,3,2,2,2,3,3,2,3,2,2,2,2,2,2,3,2,3,2,3,2,2,3,3,3,3,3,2,2,3,2,2,3,2,2,2,2,2,3,2,3,3,3,2,3,3,3,
2,3,3,2,3,2,2,2,3,2,2,2,2,2,2,2,2,2,2,2,3,2,2,2,2,2,2,2,3,2,3,2,2,2,2,3,2,2,3,2,3,2,2,2,3,2,2,3,2,3,2,3,2,3,2,2,2,2,2,2,3,2,2,2,3,2,2,2,3,2,2,2,3,2,2,2,2,3,3,2,2,3,2,2,2,2,2,2,2,2,2,2,3,2,2,3,2,2,2,3,
2,2,2,2,2,2,3,3,3,3,2,2,2,3,2,2,3,2,3,2,3,2,2,2,2,2,2,2,2,2,2,2,2,2,2,2,2,2,2,2,2,2,2,2,3,3,2,2,1,2,2,3,2,3,2,2,2,2,2,3,2,2,2,2,2,2,2,3,2,2,2,3,2,2,2,2,3,2,3,2,2,3,2,2,2,2,2,2,2,1,2,2,2,2,2,2,2,2,2,3,
2,2,2,2,2,2,2,2,2,2,2,1,3,2,2,2,2,2,2,2,2,2,2,2,2,2,2,2,3,2,1,2,2,2,2,2,2,2,2,1,2,2,2,2,2,2,2,3,1,2,2,3,2,3,2,2,2,2,2,2,2,2,2,2,2,2,2,2,2,2,2,2,2,2,2,2,2,2,2,2,2,2,2,2,2,2,2,2,2,1,2,2,2,2,2,2,2,2,2,2,
